review_id,app_id,author,rating,content,timestamp,thumbs_up,app_version,reply_content,reply_timestamp,scraped_at
282e91c9-3247-49e5-bc92-21a20af9da66,com.whatsapp,Manasi Redij,5,nice app,2026-01-28T15:47:37,0,2.26.2.72,,,2026-01-29T15:47:43.430421
3c306172-999a-470b-9d18-2a546672b396,com.whatsapp,Alvin,5,All good but have noticed many pop up messages to install additional apps etc but I ignore,2026-01-28T15:47:11,0,2.26.2.72,,,2026-01-29T15:47:43.430429
6feba7f6-a9eb-4d6b-94ef-330d8bb661c8,com.whatsapp,Jai Kishan Sharma,4,ok,2026-01-28T15:46:53,0,2.26.2.72,,,2026-01-29T15:47:43.430432
8813676c-09b2-4354-8d45-ad604f7de0ca,com.whatsapp,Rahul Kumar Srivastava (Bare Bhaia),5,nice app easy to use and it helped in my business.,2026-01-28T15:46:51,0,,,,2026-01-29T15:47:43.430433
6869970b-a344-4119-98ba-fad83a26e270,com.whatsapp,ISAAC UCHE,4,nice üëç services,2026-01-28T15:44:56,0,2.26.2.72,,,2026-01-29T15:47:43.430435
4da07802-8fa8-4b41-a943-ae1dc02d3964,com.whatsapp,Hamisi Ngwaya,5,yeah,2026-01-28T15:44:23,0,,,,2026-01-29T15:47:43.430436
1577f636-4c5f-4c9f-9429-7cd57b799987,com.whatsapp,Devendra Mehra,5,very nice üëçüôÇ,2026-01-28T15:44:11,0,2.26.1.76,,,2026-01-29T15:47:43.430438
449a36fd-1a1d-447b-b335-96a0e088701f,com.whatsapp,Bharti Joshi,4,Nice,2026-01-28T15:43:45,1,2.25.31.76,,,2026-01-29T15:47:43.430439
6eabee13-baef-44b6-b4c1-334aef1f251d,com.whatsapp,Selvam Kumar,5,Good,2026-01-28T15:43:16,0,2.25.34.74,,,2026-01-29T15:47:43.430440
45ec1dd0-2dde-4a0f-a362-48d56b93bb42,com.whatsapp,Md Rony,5,good,2026-01-28T15:42:10,0,2.26.2.72,,,2026-01-29T15:47:43.430441
b4ceb727-88d2-469a-aba8-513c00662415,com.whatsapp,Ramamafuta,5,best messaging app,2026-01-28T15:42:09,0,2.26.2.72,,,2026-01-29T15:47:43.430442
af06dcec-b1c8-448c-8e42-b1f9a9a6c2a4,com.whatsapp,Zeeshan Rasool,5,I'm sure it was ok and enjoy the cheinal. am to much like it am very happy for a while and enjoy the life.,2026-01-28T15:41:39,0,2.26.1.76,,,2026-01-29T15:47:43.430443
cd5cd06e-04f4-4e24-8d4b-b040908dc7e2,com.whatsapp,Javed Gour,1,Mera whatsapp chal nhi rh hai,2026-01-28T15:40:49,0,,,,2026-01-29T15:47:43.430445
1d41fb2c-57c1-45a2-9b34-dc67e71ea9fb,com.whatsapp,Mujahid Abbas,5,Excellent,2026-01-28T15:39:21,0,2.25.37.76,,,2026-01-29T15:47:43.430446
7c546451-089f-49a3-9b5d-08b67e028866,com.whatsapp,Millicent Frimpong,5,good,2026-01-28T15:39:16,0,2.26.2.72,,,2026-01-29T15:47:43.430447
67a5158a-8ff8-4067-a8e3-6202aa29cbb1,com.whatsapp,amarjeet Poddar,4,I am not getting message notification by sound. Only Pop is displaying on top,2026-01-28T15:37:16,0,2.26.2.72,,,2026-01-29T15:47:43.430448
9d130115-70ab-456e-9492-32826de1ef10,com.whatsapp,Methuku Nithish,5,super app,2026-01-28T15:37:16,0,2.25.37.76,,,2026-01-29T15:47:43.430449
bbf0eb65-6c3c-490b-b4a9-7b363aff5f3e,com.whatsapp,Areyfin Ferdous,3,"in my windows 11 ,Whatsapp desktop app not install, so I start using Whatsapp web, but there is no calling option available there, please enable calling feature in Whatsapp web‡•§",2026-01-28T15:37:15,0,2.25.37.76,,,2026-01-29T15:47:43.430450
bb45d7c8-2579-40c6-861f-4fefd928f965,com.whatsapp,Shiva Kumar,5,nice,2026-01-28T15:36:07,0,2.25.37.76,,,2026-01-29T15:47:43.430451
b403f64e-47e5-4d45-a835-c279a7271dbe,com.whatsapp,Michaela Lakicha,5,·òúOO·ó™,2026-01-28T15:35:48,0,2.26.2.72,,,2026-01-29T15:47:43.430452
03cc9174-b5dd-4d00-8dfb-b47e6c7783c7,com.whatsapp,MaineeGogoi Kalita,5,good,2026-01-28T15:35:29,0,2.26.2.72,,,2026-01-29T15:47:43.430453
29c23c85-b3f2-4d64-8985-3eb7f4cdf927,com.whatsapp,Savita Trimbakar,1,"WhatsApp isn't opening on my phone. It's not even downloading. I don't know what's going on, why WhatsApp isn't downloading on my phone. It keeps scrolling endlessly.",2026-01-28T15:34:51,16,2.26.3.79,,,2026-01-29T15:47:43.430453
3ea71007-be97-4751-9ab1-99a259075065,com.whatsapp,Humayun Kobir,5,good,2026-01-28T15:34:13,0,2.26.2.72,,,2026-01-29T15:47:43.430454
e6d853bf-3f1d-48b6-ac87-4778551fe582,com.whatsapp,koneti peter,5,good and make easy,2026-01-28T15:32:31,0,2.26.2.72,,,2026-01-29T15:47:43.430455
fb5bb0e9-95ce-4f3e-b477-a43d9b7ccd88,com.whatsapp,Ranjit Tamang,5,wow nice üëçüëçüëçüëçüëçüëç,2026-01-28T15:32:24,0,2.26.2.72,,,2026-01-29T15:47:43.430456
5647bf2e-e5be-48ca-b300-11c1da90ab46,com.whatsapp,Shivukumar Shivukumar naiyk,4,ok,2026-01-28T15:32:04,0,,,,2026-01-29T15:47:43.430457
e8741b44-a387-4249-be8b-a4efab7d3dec,com.whatsapp,Mariyappan Thiruvalluran,5,good,2026-01-28T15:31:44,0,2.25.37.76,,,2026-01-29T15:47:43.430458
b92fb144-673f-4139-8463-48f2ef264372,com.whatsapp,Sajjad Ali,4,good,2026-01-28T15:31:13,0,2.25.37.76,,,2026-01-29T15:47:43.430459
9792a844-710d-480b-b767-1bbbbd443126,com.whatsapp,mahdis,1,awful,2026-01-28T15:30:43,0,2.26.2.72,,,2026-01-29T15:47:43.430460
842bb45f-ec43-4476-949f-b3e6f40151c3,com.whatsapp,Victory Ogunleye,4,"good but roll out all the status reshare for everyone, I'm not able to activate mine, the option is not there",2026-01-28T15:30:04,0,2.26.2.72,,,2026-01-29T15:47:43.430461
bd1e4c67-7bd6-4944-a87f-f2a8c93f54f9,com.whatsapp,Sanjeewa Gunasekara,1,‡∂Ø‡∑î‡∂ª‡∂ö ‡∂â‡∂≥‡∂±‡∑ä ‡∑Ö‡∂ü ‡∂â‡∂±‡∑ä‡∂±‡∑Ä‡∑è ‡∑Ä‡∂ú‡∑ö ‡∂ö‡∑ù‡∂Ω‡∑ä ‡∂ú‡∂±‡∑ä‡∂± ‡∂¥‡∑î‡∑Ö‡∑î‡∑Ä‡∂±‡∑ä ‡∑É‡∑î‡∂¥‡∑í‡∂ª‡∑í‡∂∏ ‡∑Ä‡∑ê‡∂©‡∂ö‡∑ä,2026-01-28T15:30:01,0,2.26.2.72,,,2026-01-29T15:47:43.430462
ddadf505-752d-4320-a27a-982721a34145,com.whatsapp,Iru Veali,5,"100% the best app, have been using it since I came to know the app",2026-01-28T15:29:38,0,2.25.37.76,,,2026-01-29T15:47:43.430463
63d0a916-e2ef-4a33-ac4c-4e96f008b18a,com.whatsapp,Arnie Subong,5,"whatsapp is becoming verg essential now because we can get in touch with the coworkers,relatives and friends",2026-01-28T15:28:36,0,2.25.20.82,,,2026-01-29T15:47:43.430464
48cba624-b4ce-4f43-b1bd-b0825835567c,com.whatsapp,Boniface Stephanie,5,best app,2026-01-28T15:28:06,0,2.26.2.72,,,2026-01-29T15:47:43.430465
59aff362-6a4d-4320-a4df-cb8d281c64e1,com.whatsapp,Rajt shekh Rajt shekh,5,bekar whatsApp,2026-01-28T15:27:49,0,2.25.14.76,,,2026-01-29T15:47:43.430466
3447f585-7cdb-42f5-9e73-61fd97cb9016,com.whatsapp,Sujit Paswan,5,good,2026-01-28T15:27:26,0,2.25.37.76,,,2026-01-29T15:47:43.430467
1619c196-22c8-4dfa-be07-48bdb6f0f5a1,com.whatsapp,Sipa Apona,5,All best,2026-01-28T15:25:04,0,,,,2026-01-29T15:47:43.430468
dab0c2ca-2464-45c5-9c3f-7f85b2cb2876,com.whatsapp,Deep Sandhu,1,kya Hamare chalta hai yaar tum Chala hi nahin rahi hai,2026-01-28T15:25:04,0,2.26.2.72,,,2026-01-29T15:47:43.430469
bb54e456-5d76-4591-9034-5132ff1e2b8a,com.whatsapp,Rifa Muhammad Amin,5,good user,2026-01-28T15:24:46,0,2.26.3.79,,,2026-01-29T15:47:43.430470
a32c4f00-8681-43e7-8e94-fc530065c787,com.whatsapp,Jean blanche,1,does not work anymore,2026-01-28T15:24:24,0,2.26.1.76,,,2026-01-29T15:47:43.430470
a433c88c-e06f-4730-9f40-ac74368f89e4,com.whatsapp,Edress Ahmad,5,very use full,2026-01-28T15:23:22,0,2.26.3.79,,,2026-01-29T15:47:43.430471
53edd1e5-1628-4c74-9c3f-e7d2075e6fa3,com.whatsapp,Mushtaq Ahmad,5,O.k.,2026-01-28T15:23:15,0,2.26.2.72,,,2026-01-29T15:47:43.430472
01da61f4-9ced-4648-bec3-783c9ff4b166,com.whatsapp,Al Emran Hussain,5,nice,2026-01-28T15:23:11,0,2.26.2.72,,,2026-01-29T15:47:43.430473
62e26dde-b87f-4f98-995c-6fc892923bd8,com.whatsapp,Steven Hyatt,5,"I just start few mouth ago use whatsapp account talk to friends and family members i love it alots ‚ù§Ô∏èüòçfor communication and no complaints,‚ò∫Ô∏è the only thing I don't likeüíîüòëüò° about it. When it malfunctions or glitch when you're logging into and grateful No random person has contacted me yet. So that's",2026-01-28T15:23:02,0,,,,2026-01-29T15:47:43.430474
93c48233-e152-4e67-bebb-a8a91b11d48b,com.whatsapp,damu Damu,1,raj sk,2026-01-28T15:22:47,0,,,,2026-01-29T15:47:43.430475
5d708140-fcd6-4cab-8ba6-f2cb8d469d77,com.whatsapp,allahiar arianfar,1,ÿß⁄Øÿ± ÿ®ÿß ÿ™ŸÑ⁄Øÿ±ÿßŸÖ ŸÖŸÇÿß€åÿ≥Ÿá ⁄©ŸÜŸÖ ŸáŸÖ€åŸÜ €å⁄© ÿ≥ÿ™ÿßÿ±Ÿá ÿ≤€åÿßÿØ ŸáŸÖ Ÿáÿ≥ÿ™. ÿßŸÖŸÜ€åÿ™ ⁄©Ÿá ÿßÿµŸÑÿß ŸÜÿØÿßÿ±Ÿá Ÿà ÿ≠ŸÅÿ±Ÿá‚ÄåŸáÿß€å ÿßŸÖŸÜ€åÿ™€å ÿØÿßÿ±ÿØ. ÿßŸÖ⁄©ÿßŸÜÿßÿ™ Ÿà ŸÇÿßÿ®ŸÑ€åÿ™Ÿáÿß€å ÿ™ŸÑ⁄Øÿ±ÿßŸÖ ÿ®ÿ≥€åÿßÿ± ÿ®€åÿ¥ÿ™ÿ± Ÿà Ÿæ€åÿ¥ÿ±ŸÅÿ™Ÿá ÿ™ÿ± ÿßÿ≤ Ÿàÿßÿ™ÿ≥ÿßŸæ ÿßÿ≥ÿ™. ÿØÿ± ŸàÿßŸÇÿπ ÿßÿµŸÑÿß ŸÇÿßÿ®ŸÑ ŸÖŸÇÿß€åÿ≥Ÿá ŸÜ€åÿ≥ÿ™ŸÜÿØ. ÿ®ÿ±ÿß€å ÿ≠ÿ±€åŸÖ ÿÆÿµŸàÿµ€å ⁄©ÿßÿ±ÿ®ÿ±ÿßŸÜ ÿßÿ±ÿ≤ÿ¥ ÿÆÿßÿµ€å ŸÇÿßÿ¶ŸÑ ŸÜ€åÿ≥ÿ™ Ÿà ÿ®ÿ±ÿßÿ≠ÿ™€å ÿßÿ∑ŸÑÿßÿπÿßÿ™ ÿ±ÿß ÿØÿ± ÿßÿÆÿ™€åÿßÿ± ÿØŸàŸÑÿ™ Ÿáÿß ŸÇÿ±ÿßÿ± ŸÖ€å ÿØŸáÿØ.,2026-01-28T15:22:35,0,2.25.37.76,,,2026-01-29T15:47:43.430476
0b1bde11-2d55-4fd2-8a0e-08072c765db7,com.whatsapp,Joseph Mashimikilo,3,this app cool,2026-01-28T15:22:35,0,2.25.37.76,,,2026-01-29T15:47:43.430477
73597f81-a637-4aaf-ab95-19deb96bd1d3,com.whatsapp,Gul Shan,5,very good,2026-01-28T15:21:40,0,2.26.2.72,,,2026-01-29T15:47:43.430478
ccbef34e-9587-4909-877f-d9d772cb06dd,com.whatsapp,Prince,1,If i block someone then he can't text but then why is he able to call me on WhatsApp? What is the use of blocking then?,2026-01-28T15:21:08,0,2.26.2.72,,,2026-01-29T15:47:43.430479
ed6f99c4-1f79-4a1a-b283-7db019d17fe2,com.whatsapp,Chika Ekechukwu,5,Good,2026-01-28T15:20:58,0,2.25.35.79,,,2026-01-29T15:47:43.430480
6a1c2e48-3764-41f8-ad9d-47afbb01971d,com.whatsapp,Masood,1,why is their a timer for about section now? I want permanent like before. This is so annoying.,2026-01-28T15:20:58,0,2.25.37.76,,,2026-01-29T15:47:43.430481
22517b06-fa8b-45cb-8025-c2e0a0af5dc0,com.whatsapp,Bitangimana Blaise,1,save my account protect any problems,2026-01-28T15:20:39,0,2.26.1.76,,,2026-01-29T15:47:43.430482
bc83967e-4819-48c3-9d22-a2ecb6bec541,com.whatsapp,Santu Dandapath,5,happy,2026-01-28T15:19:50,0,2.25.37.76,,,2026-01-29T15:47:43.430483
3324c8bf-cb3d-447c-ae81-e9d01a51cdbb,com.whatsapp,Awais,3,"The PC and web version of the app is giving so much issues like voice messages are taking a lot of time to load and pictures and videos. It's also taking much more memory and resources than it used to, the recent update has changed everything.",2026-01-28T15:19:50,0,2.26.2.72,,,2026-01-29T15:47:43.430484
26dfd7fa-3d72-4bbf-9e03-7f71e98f5187,com.whatsapp,DuraisingamAC service,5,‡Æö‡ØÇ‡Æ™‡Øç‡Æ™‡Æ∞‡Øç,2026-01-28T15:19:38,0,2.26.1.76,,,2026-01-29T15:47:43.430485
9273c3e7-2327-4c07-811c-da5324ecdfe7,com.whatsapp,Ahad Rajpoot,5,nice üôÇ,2026-01-28T15:18:50,0,2.26.2.72,,,2026-01-29T15:47:43.430486
b99ba383-d756-4a69-8e6d-69aa84574c57,com.whatsapp,Gopal krishan,5,very good app,2026-01-28T15:18:41,0,2.26.2.72,,,2026-01-29T15:47:43.430486
0b3c2068-510e-4613-b73d-3071105c5cb2,com.whatsapp,Subro Sen,5,nice apps,2026-01-28T15:18:24,0,2.26.2.72,,,2026-01-29T15:47:43.430487
0960d1c6-0f95-4b0a-8527-aa7b2c955613,com.whatsapp,Sneha Mandal,1,Privacy policy started to worsen please improve it I'd set my last seen and online contacts except some people those people still can see it,2026-01-28T15:14:54,0,2.26.2.72,,,2026-01-29T15:47:43.430488
344a13ad-35fb-4d4b-bfa9-e57bc0e3c1a6,com.whatsapp,HosFar FarHos,5,communication and quality is outstanding üëå,2026-01-28T15:13:56,0,2.25.37.76,,,2026-01-29T15:47:43.430489
368a0e85-0f1a-467c-afc9-6c01269fd6fd,com.whatsapp,Shakil Khan,5,nice,2026-01-28T15:13:53,0,2.25.34.74,,,2026-01-29T15:47:43.430490
15838a99-6cd3-46f7-81d5-e88fc97f40bb,com.whatsapp,Lata Devi,5,good,2026-01-28T15:13:33,0,2.26.2.72,,,2026-01-29T15:47:43.430491
69074bc1-f59d-4ae0-8bf2-8de704001e3d,com.whatsapp,Robiul Alom Robu,5,Good,2026-01-28T15:13:21,0,2.26.2.72,,,2026-01-29T15:47:43.430492
934a68db-1fe3-436c-9175-c63aadcf4ed1,com.whatsapp,Chisom Onochie,4,great üòÉüëç,2026-01-28T15:12:54,0,2.26.2.72,,,2026-01-29T15:47:43.430493
b7e8d9b2-df11-46b5-9802-9133c2e53e7f,com.whatsapp,Michael Kiprono (Kayosee),1,my WhatsApp ain't responding what could be the problem,2026-01-28T15:12:14,1,,,,2026-01-29T15:47:43.430494
25aca2c9-1bcf-40d4-a376-14b9f96fb0f1,com.whatsapp,Harsh Daksh,4,very good aap,2026-01-28T15:10:16,0,2.26.2.72,,,2026-01-29T15:47:43.430495
ef2408c3-f07b-4d5a-9b28-125d45f5bb8b,com.whatsapp,Sahista nice Parween,5,nice,2026-01-28T15:09:35,0,2.26.2.72,,,2026-01-29T15:47:43.430496
9a740a88-39f7-4fed-81e8-f90ea0812c8e,com.whatsapp,Soumadip Banerjee VIII E 40,1,Messages are not end-to-end encrypted.,2026-01-28T15:08:56,0,2.26.2.72,,,2026-01-29T15:47:43.430497
0eacb06b-b865-4727-9bea-c8b9b0876764,com.whatsapp,Jose Canales,5,Nice using WhatsApp,2026-01-28T15:08:51,0,,,,2026-01-29T15:47:43.430498
cbeb707b-4a2e-4684-a84d-cab52cae4457,com.whatsapp,Rijal Purna,5,good üëç üëç üëç,2026-01-28T15:08:41,0,2.25.30.73,,,2026-01-29T15:47:43.430499
126fea53-e2b6-4985-a0d8-49868c3f78d4,com.whatsapp,HARPHOOL-SINGH SINGH-HARPHOOL,4,good,2026-01-28T15:08:18,0,2.25.36.73,,,2026-01-29T15:47:43.430500
58631d93-4c80-4abf-a75e-293c99d1218f,com.whatsapp,Pappu Yadaw,5,together device,2026-01-28T15:08:17,0,2.26.2.72,,,2026-01-29T15:47:43.430501
a555023f-3db8-4f71-984e-3e43137caa8a,com.whatsapp,Sanjay Kumar,5,"yeh app bahut achha hai iss app se aap sabhi bahut logo.se chating , video call and voice call bhi kar sakte ho",2026-01-28T15:08:14,0,2.26.2.72,,,2026-01-29T15:47:43.430501
257f1026-beb8-48dc-8fe5-2b02f7f9b025,com.whatsapp,William Etonu,5,Better app,2026-01-28T15:07:38,0,2.25.37.76,,,2026-01-29T15:47:43.430502
0a8e53f9-2724-46c5-a92e-df7508bc5cce,com.whatsapp,Bibi Maal,5,good,2026-01-28T15:06:36,0,,,,2026-01-29T15:47:43.430503
de96cddf-53e4-440a-bcf1-7c5e4e74f32a,com.whatsapp,oloruntola fadilullah,5,Good,2026-01-28T15:06:28,0,2.26.2.72,,,2026-01-29T15:47:43.430504
8667cd49-8a18-4d5e-8153-e888847349b1,com.whatsapp,Daniel Gold,1,the best,2026-01-28T15:05:57,0,2.26.1.76,,,2026-01-29T15:47:43.430505
13efbc3a-7914-4f32-8d08-96e022e4647c,com.whatsapp,Ceasar Lupazula,4,Good,2026-01-28T15:05:37,0,2.25.33.79,,,2026-01-29T15:47:43.430506
3f797a72-1c2d-4307-955f-2597c28bbebf,com.whatsapp,Rohan Mashi,5,Tap on a clip to paste it in the t,2026-01-28T15:04:34,0,2.26.2.72,,,2026-01-29T15:47:43.430507
e25c09f8-0959-4281-b64f-0ea62baa2b9b,com.whatsapp,saikumar vanapally,5,nice,2026-01-28T15:03:58,0,2.25.26.74,,,2026-01-29T15:47:43.430508
50a1e9de-0600-47ed-98ae-b09b2bd6df7d,com.whatsapp,Sheikh Asif,5,plz open my WhatsApp is my personal account help plz,2026-01-28T15:03:56,0,2.26.2.72,,,2026-01-29T15:47:43.430509
85795cb8-9942-48e8-a2eb-51805287becc,com.whatsapp,SOHAN Razzak,5,üåπü•∞ü•∞,2026-01-28T15:03:24,0,,,,2026-01-29T15:47:43.430510
92cd8b0e-e67d-4887-8adc-a89c5cf53160,com.whatsapp,Meena Kumari tudu,4,very usefull easy to contact with every one üëå,2026-01-28T15:03:00,0,2.26.2.72,,,2026-01-29T15:47:43.430511
1637a516-cbc1-46ba-9950-9cb8abceb0ed,com.whatsapp,Anele Bk,5,superb,2026-01-28T15:02:55,0,2.25.31.76,,,2026-01-29T15:47:43.430513
4d35c14e-f127-4f6c-8a1c-a69551afadcc,com.whatsapp,Sandeep Verma,1,"I am actually tired of receiving marketing messages, even after opting out or blocking I still receive 100 of promotional or marketing messages. Kindly look into it or I have to uninstall whatsapp from my device",2026-01-28T15:02:36,1,2.26.2.72,,,2026-01-29T15:47:43.430514
34bf30d0-9dcc-4b42-ba39-5a1a2d99b8de,com.whatsapp,Avanish Rao,5,nice,2026-01-28T15:01:57,0,2.25.37.76,,,2026-01-29T15:47:43.430515
8ad54542-0997-4c52-86d1-6b1c841fc057,com.whatsapp,Shiva Shiva,5,üëç,2026-01-28T15:00:08,0,2.26.2.72,,,2026-01-29T15:47:43.430516
2cb7cc47-73b0-4114-8951-042efb18dcd4,com.whatsapp,Ovaltine Ovaltine,3,good,2026-01-28T14:59:45,0,2.26.2.72,,,2026-01-29T15:47:43.430517
91c4deef-2706-45af-b7f1-bd9f9f9a1d43,com.whatsapp,Uthman Afisu,5,Good,2026-01-28T14:59:28,0,2.26.1.76,,,2026-01-29T15:47:43.430518
f8c91852-f936-4869-b4d0-68e6e75d3ff6,com.whatsapp,Manoj Joshi,5,very good,2026-01-28T14:58:31,0,2.24.18.80,,,2026-01-29T15:47:43.430519
76f99ffb-a022-4ce6-8ed1-f5e044998d3a,com.whatsapp,Jalil Naji,5,great,2026-01-28T14:58:22,0,,,,2026-01-29T15:47:43.430520
09d9a1de-7b05-4769-ab89-b9f886814276,com.whatsapp,Gulfaraz Hafiz,5,good app,2026-01-28T14:57:42,0,2.25.32.75,,,2026-01-29T15:47:43.430520
1a135171-0f6b-4098-929c-905185a5ce6e,com.whatsapp,Alex Klimenko,4,For the last couple of weeks there is an issue whit this app I can't see avatars not mine nor my opponent in conversations please be so kind to solve this issue on samsung smartphones,2026-01-28T14:57:36,0,2.26.2.72,,,2026-01-29T15:47:43.430521
961603b9-0ffe-4c20-82e4-5e92d8ce4b66,com.whatsapp,Ali Asghar,2,"I really appreciate the new ""About Me"" timed status feature. However, many users (including myself) would also like the option to set a permanent or lifetime ""About Me"" that does not expire after a few hours or days. Could you please consider adding a ""Lifetime"" option alongside the existing durations (1 hour, 8 hours, 1 week)? This would allow users to keep their About Me visible permanently if they prefer, while still giving flexibility to those who want temporary statuses.",2026-01-28T14:56:49,0,2.26.2.72,,,2026-01-29T15:47:43.430522
b3fe5d61-46cd-48e9-8cbf-bfd5579f1f4c,com.whatsapp,Balaji Battula,5,good,2026-01-28T14:56:35,0,2.26.2.72,,,2026-01-29T15:47:43.430523
49d3e934-08af-4edd-a14d-35c1430246cc,com.whatsapp,PRASAD K.B.,5,Excellent üëåüëç,2026-01-28T14:56:28,0,2.26.2.72,,,2026-01-29T15:47:43.430524
1f4901b8-c9e6-4e98-9d0c-8bbbda1f2a9e,com.whatsapp,Zaharah Nakasi,1,My WhatsApp keeps removing names from my contacts,2026-01-28T14:56:01,0,2.26.2.72,,,2026-01-29T15:47:43.430525
d0521380-df9f-4b86-a0d4-93bdb38becdd,com.whatsapp,Ajay sada,5,very nice,2026-01-28T14:55:06,0,2.26.1.76,,,2026-01-29T15:47:43.430526
a02913bf-6c12-4325-a56f-7798509e297f,com.whatsapp,Zahid Lodhra,3,good work,2026-01-28T14:54:29,0,2.26.2.72,,,2026-01-29T15:47:43.430527
fa195b73-aa81-4945-bcd2-1ea24110b635,com.whatsapp,Asil Zadran,5,Good,2026-01-28T14:53:31,0,2.26.1.76,,,2026-01-29T15:47:43.430528
bf3ac51b-272e-4669-8bd1-5bb1c572cf65,com.whatsapp,Azad khan,1,nice,2026-01-28T14:53:23,0,2.26.2.72,,,2026-01-29T15:47:43.430529
3986725c-a143-48b2-828f-773e69b18541,com.whatsapp,Srikanth Thimmaipally,5,ok good,2026-01-28T14:53:22,0,2.26.2.72,,,2026-01-29T15:47:43.430530
f4a6d667-2023-49df-80fb-f2a275092d1f,com.whatsapp,Akorabirungi Agaba,1,Did app was Good but AI destroyed it,2026-01-28T14:53:16,0,,,,2026-01-29T15:47:43.430531
c04de08e-433b-4b26-a7f8-820f0ff98d4a,com.whatsapp,Hmdallah Zakiri,5,ŸÖŸÜ ÿßÿ≤ ÿß€åŸÜ ÿ±ÿßÿ≤€å Ÿáÿ≥ÿ™ŸÖ ÿÆ€åŸÑ€å ÿÆŸàÿ® ⁄©ÿßÿ± ŸÖ€å⁄©ŸÜŸá,2026-01-28T14:53:06,0,2.25.37.76,,,2026-01-29T15:47:43.430532
7d42ea0c-0c74-48b0-8017-ae3072a40c1f,com.whatsapp,Joyce Eseyin,1,they would u verify my number for no reason and they won't verify it back they made me suffer huge losses in business now I can't assess my business group all in the name of not verified number and when I didn't go against any of they policy,2026-01-28T14:52:49,0,2.26.2.72,,,2026-01-29T15:47:43.430533
21033155-99f4-4277-a510-566b038053c0,com.whatsapp,Sanjay Maharaj,5,ok,2026-01-28T14:51:40,0,2.25.37.76,,,2026-01-29T15:47:43.430534
575541ef-2a72-460a-9d2f-3368e8ac3d7b,com.whatsapp,Rama Deshani,5,good,2026-01-28T14:51:35,0,2.26.2.72,,,2026-01-29T15:47:43.430535
a186af5b-6162-4d26-9f15-97d993f558bd,com.whatsapp,Firoz Akhtar,5,best,2026-01-28T14:51:29,0,2.26.3.79,,,2026-01-29T15:47:43.430536
5adec050-c17f-4b32-8486-2d8097b3730d,com.whatsapp,Camila Taylor,5,Very good and satisfied,2026-01-28T14:51:24,0,,,,2026-01-29T15:47:43.430537
72985b81-81d5-459f-b2c4-ff0ec485fea8,com.whatsapp,Sanjay Raghu,1,my account is not unbanned it was banned by mistake.,2026-01-28T14:51:22,0,,,,2026-01-29T15:47:43.430538
11af214d-bf85-4db3-9e81-be512d194ded,com.whatsapp,Olufemi Adeyeye,5,User Friendly,2026-01-28T14:51:02,0,2.26.2.72,,,2026-01-29T15:47:43.430539
b4bffa4b-2b76-46b7-8806-f37b5d955ddc,com.whatsapp,Rimon Barua,5,eyta kintu kub valo upokarita app's,2026-01-28T14:51:02,0,,,,2026-01-29T15:47:43.430540
89cd9308-83e4-4685-b6c6-9cd9bac458cc,com.whatsapp,SohaiI Sk,5,"Hello WhatsApp Team, My number is showing the message ""This account can no longer use WhatsApp."" I believe this may be a mistake. I always use WhatsApp by following all your terms and policies. Please review my account and give me one more chance to use WhatsApp again.",2026-01-28T14:50:34,1,2.26.3.79,,,2026-01-29T15:47:43.430541
6e4af04b-3652-4bf8-8505-0d275ac9c074,com.whatsapp,Sudipta Haldar,3,"Arattai massaging app is one of the most reliable messaging apps out there more than what's app. It's fast , user- friend , and works well even on slower networks . The end - to - end encryption gives peace of mind when it comes to privacy , and features like voice / video calling , media sharing , and status updates make it more than just a texting app . The interface is clean and easy to navigate Group chats , broadcast lists , and voice notes are super convenient üî•",2026-01-28T14:50:27,0,,,,2026-01-29T15:47:43.430542
bb37eecf-b42b-40ba-b3b3-eae817975ea0,com.whatsapp,Khem Bahadur Surjyabonshi,4,good üëç,2026-01-28T14:49:56,0,2.26.2.72,,,2026-01-29T15:47:43.430543
1f490f3e-16dd-45a9-a6e2-9e51c747ae13,com.whatsapp,Jalil DG labbang,4,bagus,2026-01-28T14:48:04,0,2.25.37.76,,,2026-01-29T15:47:43.430543
09c27cd0-5c80-445f-a6d8-4d50c19c8b4f,com.whatsapp,Ahmmad Raza,5,Love,2026-01-28T14:48:03,0,2.26.2.72,,,2026-01-29T15:47:43.430544
a2b73ca7-ae35-46ad-b28f-9b55d767d917,com.whatsapp,Prashant Yadav,5,nice,2026-01-28T14:47:16,0,2.25.36.73,,,2026-01-29T15:47:43.430545
3b422458-a5a0-4d1e-945b-6fef3c6cd72e,com.whatsapp,Kanheya Lal,5,good,2026-01-28T14:47:15,0,2.26.2.72,,,2026-01-29T15:47:43.430546
be397134-b63f-4909-8ee5-553c7be1a759,com.whatsapp,Gift Mhlanga,5,perfect app for connecting with family and friends,2026-01-28T14:47:06,0,2.26.2.72,,,2026-01-29T15:47:43.430547
62aaa911-3bda-48f1-8fe1-49c74e1dc3c0,com.whatsapp,Rekhadas,5,I love you too kutta I love you too kutta I love you too kutta I love you nh go üö∂‚Äç‚ôÄÔ∏è and I love ‚ù§,2026-01-28T14:46:18,0,,,,2026-01-29T15:47:43.430548
70399bfd-d650-49c7-bb3a-47d2b7208213,com.whatsapp,ADtv news,5,‡¶Ü‡¶Æ‡¶æ‡¶∞ ‡¶∏‡¶¨ ‡¶°‡¶ó‡¶Æ‡ßç‡¶ü‡ßá‡¶® ‡¶´‡¶ø‡¶∞‡¶§ ‡¶ö‡¶æ‡¶á,2026-01-28T14:45:00,1,2.26.2.72,,,2026-01-29T15:47:43.430549
75426e7d-601f-42ab-8566-079df634bdec,com.whatsapp,Nazi Ghahramany,5,ÿπÿßŸÑ€åŸá,2026-01-28T14:44:01,0,2.25.37.76,,,2026-01-29T15:47:43.430550
45f25d22-eb72-49b0-8a15-50dd0e522c8a,com.whatsapp,Charity Chimenduru,4,good,2026-01-28T14:43:48,0,2.26.1.76,,,2026-01-29T15:47:43.430551
6a28815f-aa6b-4e55-8d13-4fc625f198bf,com.whatsapp,Iman Yunus,5,Easy to use and very reliable for messaging and calls. Great app for daily communication,2026-01-28T14:43:43,0,,,,2026-01-29T15:47:43.430552
7fbfa36c-7ac4-47fd-b23f-26ed6e3be8b6,com.whatsapp,Rinku kumar bairwa Bairwa,5,‡§∏‡§∞ ‡§Æ‡•á‡§∞‡§æ ‡§µ‡•ç‡§π‡§æ‡§ü‡•ç‡§∏‡§è‡§™ ‡§¨‡§Ç‡§¶ ‡§π‡•ã ‡§ó‡§Ø‡§æ ‡§ö‡§≤ ‡§®‡§π‡•Ä‡§Ç ‡§∞‡§π‡§æ ‡§∏‡§∞ ‡§™‡•ç‡§≤‡•Ä‡§ú ‡§Æ‡•á‡§∞‡§æ ‡§µ‡•ç‡§π‡§æ‡§ü‡•ç‡§∏‡§è‡§™ ‡§ï‡•ã ‡§ö‡§æ‡§≤‡•Ç ‡§ï‡§∞‡§µ‡§æ ‡§¶‡•ã ‡§Æ‡•à‡§Ç ‡§á‡§Æ‡§∞‡§ú‡•á‡§Ç‡§∏‡•Ä ‡§π‡•à,2026-01-28T14:41:58,0,2.26.2.72,,,2026-01-29T15:47:43.430553
d00cce87-c7d9-4957-ae2d-cb695a0d1a8d,com.whatsapp,anish khan,5,mast,2026-01-28T14:41:56,0,2.26.2.72,,,2026-01-29T15:47:43.430554
61821f92-227b-4c3e-b05c-7a9dbb8e437f,com.whatsapp,Alagu Raja,1,Worst,2026-01-28T14:40:45,0,2.24.10.79,,,2026-01-29T15:47:43.430555
39d0cc2d-34ee-493b-af9e-a2a430fdcdeb,com.whatsapp,Enoch Ogbonna,5,"hello guy, my whatsapp have been sparm all the time i didnot what is wrong pls can u guys restore my whatsapp account for me pls i need to send message now pls restore ,i will be happy if u guys restore it today pls",2026-01-28T14:40:36,0,2.26.2.72,,,2026-01-29T15:47:43.430556
43d4b09f-0a8b-46fd-aeaf-e256ca7ba459,com.whatsapp,Raja Gour,1,Good,2026-01-28T14:40:04,0,,,,2026-01-29T15:47:43.430557
b688892f-0d45-4df5-aeaf-08220491ad3e,com.whatsapp,TSHEPANG Makhubela,5,great app,2026-01-28T14:39:56,0,,,,2026-01-29T15:47:43.430558
cc6de456-88d2-409b-92e0-941b1972457a,com.whatsapp,Kajal ladwal,5,nice,2026-01-28T14:39:20,0,2.25.37.76,,,2026-01-29T15:47:43.430559
5d4b576b-fba9-481c-a720-42c79c1bc174,com.whatsapp,Md Arif Hasan,5,ok,2026-01-28T14:38:04,0,2.26.3.79,,,2026-01-29T15:47:43.430560
f07d7990-fc08-4b9b-a55c-5657cf623592,com.whatsapp,Ved Dwivedi,5,....... üòâ......,2026-01-28T14:37:47,0,2.26.1.76,,,2026-01-29T15:47:43.430561
308f27b9-e72b-46ec-900a-072aeb448187,com.whatsapp,Bashir Chindo,5,Good for everyone,2026-01-28T14:36:54,0,2.26.3.79,,,2026-01-29T15:47:43.430562
594c5ed0-991c-4513-bb5e-b121b5809b6a,com.whatsapp,Ruth Katz,5,I like WhatsApp for it's ability to connect with family and friends in real time! My daughter in the USA uses WhatsApp regularly to stay in touch.,2026-01-28T14:36:39,4,2.25.32.75,,,2026-01-29T15:47:43.430562
abc8d637-c708-4c0d-bc83-0bf5f06fd214,com.whatsapp,Umar Musa,5,nothing to me,2026-01-28T14:36:32,0,2.26.2.72,,,2026-01-29T15:47:43.430563
6f55aa9b-bbef-4e9c-8c0f-047603c31f3c,com.whatsapp,Edeh Ogechukwu,5,the app hasn't given me any reason for regrets so far they're D bestüòä,2026-01-28T14:35:59,0,2.25.37.76,,,2026-01-29T15:47:43.430564
4e317221-c605-4a48-8077-d37e6638507c,com.whatsapp,Balaram Karmakar,5,vary from the beginning,2026-01-28T14:35:48,0,2.26.1.76,,,2026-01-29T15:47:43.430565
67c17c26-726e-4a89-b36d-26e7b656f8cc,com.whatsapp,Waka waka,5,good,2026-01-28T14:35:43,0,2.26.2.72,,,2026-01-29T15:47:43.430566
839c0f87-e9a9-4af8-ac13-22d417b3b03f,com.whatsapp,Rukmini devi,5,happy,2026-01-28T14:35:41,0,2.26.2.72,,,2026-01-29T15:47:43.430567
6803f56f-23b8-4583-afb5-defbdb33caf8,com.whatsapp,motaleb Sk,5,good,2026-01-28T14:35:21,0,2.26.2.72,,,2026-01-29T15:47:43.430568
e49a225f-d343-4aed-91c4-25ddeb726d41,com.whatsapp,Kamal Prajapati,5,notification,2026-01-28T14:35:17,0,2.25.37.76,,,2026-01-29T15:47:43.430569
910fac5b-de3a-486f-b690-7830114ff628,com.whatsapp,Deepak,1,Good,2026-01-28T14:33:52,0,,,,2026-01-29T15:47:43.430570
177e06c5-aebb-4b3d-aefd-c22eca7ef4b6,com.whatsapp,Benedict Kioko,5,good üëç,2026-01-28T14:32:51,0,2.25.37.76,,,2026-01-29T15:47:43.430571
e5e3ba28-1a39-476c-9634-41c6ec0b2057,com.whatsapp,Malik Waris Ali,5,excellent,2026-01-28T14:30:53,0,2.26.2.72,,,2026-01-29T15:47:43.430572
ccd0c6eb-ce35-446f-8feb-15ce79acef6b,com.whatsapp,Priti Mandal,5,‚ù§Ô∏è,2026-01-28T14:30:41,0,2.26.1.76,,,2026-01-29T15:47:43.430573
d6a6d05a-0948-4015-8e68-811edf51de12,com.whatsapp,Atano Aruoriwo Flourish,2,oh hi meta family Why do we have to renew our bio every week? why?,2026-01-28T14:30:20,0,2.25.37.76,,,2026-01-29T15:47:43.430574
b5545e70-c214-40ed-befd-f725d4d6f846,com.whatsapp,David Mloge,3,it is so nice one,2026-01-28T14:30:11,0,,,,2026-01-29T15:47:43.430575
7aac3fbe-7cd0-4690-ba48-c8d5683fe953,com.whatsapp,Emmanuel Mayowa,5,"You have done so well with your upgrades, keep it up.",2026-01-28T14:29:44,1,2.26.1.76,,,2026-01-29T15:47:43.430576
7169d0e5-c9ae-4f31-9c5e-772e61c0081d,com.whatsapp,REAGAN NNADIKA,5,great üëç,2026-01-28T14:29:26,0,2.25.36.73,,,2026-01-29T15:47:43.430577
494cbce8-85e7-4749-9825-7a7e06e488f8,com.whatsapp,Jitu Aducation,5,Nice,2026-01-28T14:29:15,0,2.26.2.72,,,2026-01-29T15:47:43.430578
5ccfc751-f2ed-4824-b98d-5e25ef48e5c9,com.whatsapp,Satish Ekshinge,2,ok,2026-01-28T14:28:54,0,2.25.37.76,,,2026-01-29T15:47:43.430579
512c9e09-a7cf-4324-9639-c02896c617f2,com.whatsapp,Decontee Tarlue,1,My phone whatsapp,2026-01-28T14:28:49,0,2.26.2.72,,,2026-01-29T15:47:43.430580
01868219-a9d5-44de-a5c8-4f584a4193ea,com.whatsapp,Serge Boris,5,it's so easy to communicate,2026-01-28T14:28:36,0,2.26.2.72,,,2026-01-29T15:47:43.430580
fd378767-e024-4281-89f3-30423b20b6fc,com.whatsapp,Musiime Evan,5,It's the best,2026-01-28T14:27:24,0,2.26.2.72,,,2026-01-29T15:47:43.430581
1910dc57-23f7-4317-a9af-533f656e152f,com.whatsapp,Vikas Thakur,5,good app üëç,2026-01-28T14:26:41,0,2.25.37.76,,,2026-01-29T15:47:43.430582
b4d95d47-34fb-47d3-92bb-b40a43077665,com.whatsapp,William,5,"WhatsApp is just great, it is so great!",2026-01-28T14:26:02,0,2.26.2.72,,,2026-01-29T15:47:43.430583
e8d1fa44-7a02-4de2-9c92-fdde108539d8,com.whatsapp,A Google user,1,"2026.01 Blocked contacts no longer greyed out. #PureFail Was ok until Feb22 update. Video status? I use WA and not snapchat for a reason, that reason has now come to WA, so #failboat on their part. ""Contacts"" tab is now gone, ""status"" has replaced it, migrating over from the dropdown menu. How often do we need to update our statuses that this needs to be so prominent? Clearly facebook has fully taken over, since we're now seeing more & more stupid and useless features. Bring back contacts count.",2026-01-28T14:25:19,81,2.26.2.72,,,2026-01-29T15:47:43.430584
7a805af9-636c-4979-91c1-56eed8ecbed7,com.whatsapp,Arun Pal,5,best app,2026-01-28T14:25:11,0,2.25.37.76,,,2026-01-29T15:47:43.430585
5071ae6b-1b8d-41a1-8b81-629ef0b0747a,com.whatsapp,Jay P,5,Good,2026-01-28T14:25:03,0,2.26.2.72,,,2026-01-29T15:47:43.430586
863b404c-24ef-41b9-80bf-af434844f8d9,com.whatsapp,Charity Shamazubaula,5,my what's app messenger why can't I login,2026-01-28T14:24:16,0,2.25.36.73,,,2026-01-29T15:47:43.430587
6dc2223e-3a2e-4b66-ba13-c7e6fef169ea,com.whatsapp,Haji Stanagul,5,thank you,2026-01-28T14:24:05,0,2.26.2.72,,,2026-01-29T15:47:43.430588
b56661f2-d12d-4cdc-85d0-873ff0ed55f5,com.whatsapp,hamed tavakoli mehrjardi,5,20 excellent,2026-01-28T14:23:41,0,2.25.35.79,,,2026-01-29T15:47:43.430589
d612e418-be1a-440e-b67e-63e17e6579db,com.whatsapp,Sanjay Bhawal,5,verry nice,2026-01-28T14:22:42,0,2.25.34.74,,,2026-01-29T15:47:43.430590
f7a918dd-9eb7-45a2-9248-f9dbb74c34e2,com.whatsapp,Usman Musa,5,nice people,2026-01-28T14:22:42,0,2.26.1.76,,,2026-01-29T15:47:43.430591
8b49f9f8-3c14-4178-bdbd-464082395ed5,com.whatsapp,Harshad Solanki,5,nice üòçüòç,2026-01-28T14:22:10,0,2.26.2.72,,,2026-01-29T15:47:43.430592
679507c1-bf1f-4575-a758-805f58b0a61c,com.whatsapp,KhanN Khan,5,Very good App,2026-01-28T14:20:33,0,,,,2026-01-29T15:47:43.430593
efaf9fe5-6ebb-4d26-bba1-c34df2676286,com.whatsapp,Noella Ayibor,5,nice app,2026-01-28T14:20:32,0,2.25.29.75,,,2026-01-29T15:47:43.430595
4360b9a0-05d2-434e-b1ab-7e2862a5abe3,com.whatsapp,SM Rahman,2,WhatsApp ‡¶è ‡¶Æ‡ßá‡¶ü‡¶æ‡¶ï‡ßá ‡¶ö‡ßá‡¶ü ‡¶ú‡¶ø‡¶™‡¶ø ‡¶ü‡¶ø‡¶∞ ‡¶Æ‡¶§‡ßã ‡¶™‡¶æ‡¶ì‡ßü‡¶æ‡¶∞ ‡¶´‡ßÅ‡¶≤ ‡¶¨‡¶æ‡¶®‡¶æ‡¶®‡ßã ‡¶Ö‡¶®‡ßÅ‡¶∞‡ßã‡¶ß‡ßá ‡¶∞‡¶á‡¶≤‡ßã‡•§ Mata Ai ‡¶∏‡¶†‡¶ø‡¶ï ‡¶â‡¶ì‡¶∞‡ßá‡¶∞ ‡¶ï‡ßç‡¶∑‡¶Æ‡¶§‡¶æ ‡¶®‡¶æ‡¶á‡•§Mata Ai ‡¶∏‡¶†‡¶ø‡¶ï ‡¶á‡¶®‡¶´‡¶∞‡¶Æ‡ßá‡¶∂‡¶® ‡¶¶‡¶ø‡¶§‡ßá ‡¶™‡¶æ‡¶∞‡ßá‡¶®‡¶æ |,2026-01-28T14:19:34,0,2.26.2.72,,,2026-01-29T15:47:43.430596
c22a17d6-d7a9-4520-8265-8da3bcb567da,com.whatsapp,Md Rabiul,5,very good,2026-01-28T14:18:48,1,2.26.1.76,,,2026-01-29T15:47:43.430596
30c8ced0-edd7-4c3c-97cf-68112f2abcfb,com.whatsapp,Suresh K,5,not bad,2026-01-28T14:18:23,0,2.26.2.72,,,2026-01-29T15:47:43.430597
887c4f3c-486b-474d-abb9-492cb33a68c6,com.whatsapp,Apu rbo,5,wow,2026-01-28T14:18:16,0,2.26.2.72,,,2026-01-29T15:47:43.430598
3d8b5cd8-9642-4421-856d-e8fbe038f3a9,com.whatsapp,Idowu okikijesu faith,5,Nice app,2026-01-28T14:17:50,0,2.25.36.73,,,2026-01-29T15:47:43.430600
f04b8305-9f11-402d-959d-81f8670a992c,com.whatsapp,Soikhul Islam,5,good app,2026-01-28T14:17:42,0,2.26.2.72,,,2026-01-29T15:47:43.430601
ebcd3a6e-3d8e-47d5-82e3-957862dc64e7,com.whatsapp,Kuldeepratti Kuldeepratti,5,very nice,2026-01-28T14:17:29,0,2.26.2.72,,,2026-01-29T15:47:43.430602
6445fbeb-2afa-4845-a1d8-188aa515484c,com.whatsapp,Ravi Kumar,4,good work,2026-01-28T14:17:28,0,2.25.37.76,,,2026-01-29T15:47:43.430603
46ed7155-6c83-470d-9371-da2b3d1d4982,com.whatsapp,Jacob Daniel,5,good app,2026-01-28T14:16:15,0,2.25.32.75,,,2026-01-29T15:47:43.430603
025c3adf-2038-4a03-b52d-885efb68e87d,com.whatsapp,Maurice Muhammad,5,Excellent way for free communication,2026-01-28T14:15:55,0,2.26.2.72,,,2026-01-29T15:47:43.430604
a5e19f12-7372-426d-bfee-9b1bde41e8fc,com.whatsapp,Gurjeet Kour,5,Nice,2026-01-28T14:15:55,0,2.24.25.77,,,2026-01-29T15:47:43.430605
1fd8cf9f-1866-4ab4-933c-35e22b745c7f,com.whatsapp,Abdul Rafea Hemmitwalla,5,best app,2026-01-28T14:15:39,0,2.26.2.72,,,2026-01-29T15:47:43.430606
44da04c0-e468-4a3b-a530-d531a5e6da63,com.whatsapp,Akash Yadav,5,good üëç,2026-01-28T14:15:36,0,2.26.1.76,,,2026-01-29T15:47:43.430607
81b13db9-cc7c-4d07-a130-02b026d5ea29,com.whatsapp,chappidi sumasri,3,notification mute is not working....In present version.....can u please check and update that,2026-01-28T14:15:29,0,,,,2026-01-29T15:47:43.430608
27718a5d-e60c-47ce-a59c-f924b5fee2bb,com.whatsapp,nahida nazneen,1,Bharat classes sikhaye,2026-01-28T14:15:04,0,2.26.2.72,,,2026-01-29T15:47:43.430609
7f752c12-81c2-4731-8c5e-cfadf2a258ff,com.whatsapp,Aminu Idris,5,good,2026-01-28T14:14:54,0,2.26.2.72,,,2026-01-29T15:47:43.430610
9fab1320-8bcb-4a9b-85bc-9739f776c999,com.whatsapp,Michael John,5,best app ever,2026-01-28T14:14:46,0,2.25.37.76,,,2026-01-29T15:47:43.430611
6b2def77-9572-474a-aa0e-a7253aee3b62,com.whatsapp,Chukwuemeka Okwudinka,4,"great app and all, best messaging app that makes you feel a lot more connected, but I've been experiencing this major issue with posting a picture while adding music to it especially if I'm selecting the lyrics mode. always saying couldn't send, even no matter how many times I click resend. please kindly fix this",2026-01-28T14:13:09,0,2.26.2.72,,,2026-01-29T15:47:43.430612
8d0dec6c-1987-4d4b-93dd-e45b362f51c0,com.whatsapp,soya moni,5,‚ù§Ô∏è,2026-01-28T14:12:53,0,,,,2026-01-29T15:47:43.430613
fdf46d4f-b46b-4b06-90c8-dfd882975863,com.whatsapp,Catherine,3,very good,2026-01-28T14:11:48,0,2.25.31.76,,,2026-01-29T15:47:43.430614
707df649-e05b-47c4-a588-898e62ac85e1,com.whatsapp,Surakshya Dash,5,very good üòä,2026-01-28T14:11:36,0,2.25.32.75,,,2026-01-29T15:47:43.430614
e7fe0ad8-b599-414c-b9a4-15a7422c16ab,com.whatsapp,Sthembiso Ndlangamandla,5,good for communication wherever you are,2026-01-28T14:10:16,0,2.26.2.72,,,2026-01-29T15:47:43.430615
c163816d-3497-45d1-8995-3099bd87e6e8,com.whatsapp,Dazai San,1,unable to login,2026-01-28T14:08:28,0,,,,2026-01-29T15:47:43.430616
44706ea4-1edd-4e4d-b6de-cc4430ac5d98,com.whatsapp,Deolene Graaff,2,I NEED WHAT'S APP ASAP BUT IT KEEPS ON TELLING ME I MUST DOWNLOAD IT ON A MANUFACTURERS APP BUT IT STILL DOESN'T WORK,2026-01-28T14:08:14,0,2.25.36.73,,,2026-01-29T15:47:43.430617
6ee1716f-562b-4de4-b5de-68033816c69c,com.whatsapp,Barbie Luna,1,A good app,2026-01-28T14:08:12,0,2.25.28.79,,,2026-01-29T15:47:43.430618
c422b713-f6ca-49d8-b27f-f513fa3e3076,com.whatsapp,Humza Ebrahim,5,Necessity,2026-01-28T14:07:13,0,2.26.2.72,,,2026-01-29T15:47:43.430619
9956f18f-4082-43fd-9c4f-017caa3e5365,com.whatsapp,oseniabdulakeem oluwatosin,5,it good,2026-01-28T14:06:15,0,2.26.1.76,,,2026-01-29T15:47:43.430620
be1cfec1-3dda-4104-94de-a16ede8378b4,com.whatsapp,Babita devi Yadav,4,very nice,2026-01-28T14:05:33,0,2.25.37.76,,,2026-01-29T15:47:43.430621
4b9c8586-1370-407a-a9f9-cff03a8191a3,com.whatsapp,William harry Mea,5,this app is very nice and it hepls people Communicate well with each otherü•∫,2026-01-28T14:05:17,0,2.25.33.79,,,2026-01-29T15:47:43.430622
3afe85dd-5a5c-44d5-9cd0-9d8e54c01128,com.whatsapp,Granhum Malambo,5,very good,2026-01-28T14:04:22,0,2.26.2.72,,,2026-01-29T15:47:43.430623
7a095ad5-be86-45ae-9824-df6579733b4c,com.whatsapp,Appu mrudhula,5,good,2026-01-28T14:03:26,0,2.26.2.72,,,2026-01-29T15:47:43.430624
7277d929-afe7-440a-b5ee-0f79bdf0b7a9,com.whatsapp,Everlyne Nekesa,5,helpful,2026-01-28T14:03:17,0,,,,2026-01-29T15:47:48.163657
93945ce1-797d-4a0b-8b6b-c80fcb19fdd0,com.whatsapp,AYOKU ELISHA,5,It always tells me that this account can no longer use WhatsApp due to spam,2026-01-28T14:01:28,0,2.26.2.72,,,2026-01-29T15:47:48.163662
9b856efe-e12b-4ce9-ae66-4ee0474c6689,com.whatsapp,Miss Nieynot Nieyna,5,love to use it.. easy to connect with my friends... now can used background when video call.. love it,2026-01-28T14:00:52,0,2.26.1.76,,,2026-01-29T15:47:48.163664
983d4f61-1647-44f9-9304-73f1929a91e5,com.whatsapp,AJAY KUMAR,5,excellent,2026-01-28T14:00:21,0,2.26.2.72,,,2026-01-29T15:47:48.163665
673a8696-a003-4e79-97c8-19e8e2961e0d,com.whatsapp,grishma vijuda,1,it's loading From 2 days,2026-01-28T13:59:36,0,2.26.2.72,,,2026-01-29T15:47:48.163666
f034aaa8-0a87-4922-88a0-5db450cafad2,com.whatsapp,Ade-Adetutu Olamiji,5,This app is a joy giver,2026-01-28T13:59:05,0,2.25.33.79,,,2026-01-29T15:47:48.163667
273d29a2-f0f5-4679-bf7a-ae1e99da458e,com.whatsapp,Hellen Mpofu,5,The app works fast and is the best for communicating with family and friends ‚ô•Ô∏è‚ù§Ô∏è,2026-01-28T13:59:05,0,2.26.2.72,,,2026-01-29T15:47:48.163668
2b5eb1bd-291f-4dc7-82b1-6dc47622a77f,com.whatsapp,Abir Sasmal,4,"My WhatsApp was working yesterday night, this morning I woke up and saw it was not working, please turn it on",2026-01-28T13:58:31,0,2.26.2.72,,,2026-01-29T15:47:48.163669
f307065b-265c-4e78-8edb-95b2d7c7f3ea,com.whatsapp,Shivam K,5,WhatsApp is a beautiful,2026-01-28T13:56:48,0,2.26.2.72,,,2026-01-29T15:47:48.163669
87a7f7bd-fdce-4afa-8739-c6567d178b32,com.whatsapp,David Joseph Lum On,5,very good,2026-01-28T13:55:58,0,,,,2026-01-29T15:47:48.163670
19fe4f5f-92d3-4ec3-8655-ba16daabbaf7,com.whatsapp,Bharat sargara Sargara,5,good,2026-01-28T13:55:47,0,2.26.2.72,,,2026-01-29T15:47:48.163672
41411e81-2e48-41e9-a8b8-67d0d79c4b8a,com.whatsapp,Rushikesh Dhomase,5,good Expression,2026-01-28T13:55:16,0,2.26.1.76,,,2026-01-29T15:47:48.163673
fc478a82-b794-457d-b658-f5ef42c6ac39,com.whatsapp,Marcus Keith,2,why does meta Al speak for me kiswahili not English,2026-01-28T13:55:04,0,2.26.1.76,,,2026-01-29T15:47:48.163674
9368998d-19aa-4c15-948e-1986d91c3e22,com.whatsapp,Kar Thik,5,good,2026-01-28T13:54:57,0,2.26.2.72,,,2026-01-29T15:47:48.163674
a55dc617-edee-45bb-b5af-378c2631ae17,com.whatsapp,Shashi Kumri,5,‡§™‡•ç‡§≤‡•Ä‡§ú ‡§≤‡•ã‡§ó‡•ã‡§Ç ‡§¶ ‡§µ‡•ç‡§π‡§æ‡§ü‡•ç‡§∏‡§è‡§™,2026-01-28T13:54:52,0,2.26.2.72,,,2026-01-29T15:47:48.163675
b1640c5b-5b6f-47fd-b2bb-984ab2b07489,com.whatsapp,Kudzanai Musewe,4,perfect,2026-01-28T13:54:38,0,2.25.37.76,,,2026-01-29T15:47:48.163676
3d6b6c29-037e-43c4-bc4c-9c26466c170f,com.whatsapp,Narasima Narsima,5,nice,2026-01-28T13:54:09,0,,,,2026-01-29T15:47:48.163677
77d2a6aa-08fa-48b8-837a-7028e9afe714,com.whatsapp,Thakurvishal29,3,when we delete any message it should not be seen to the receiver,2026-01-28T13:54:07,0,2.26.2.72,,,2026-01-29T15:47:48.163678
22d248a2-7cd5-440d-8600-eadecd4615be,com.whatsapp,Josephine Nyatuga,1,"am experience social, working,",2026-01-28T13:53:57,0,2.26.2.72,,,2026-01-29T15:47:48.163679
fcba2bdc-eec9-4a89-897f-aea5246d4ee4,com.whatsapp,Tah Jaood,5,Good,2026-01-28T13:53:35,0,2.25.37.76,,,2026-01-29T15:47:48.163680
b647823e-cdbd-41e2-9d13-38dbbd0e3136,com.whatsapp,Jamali juma,1,spam in my wasap number,2026-01-28T13:53:04,0,2.26.2.72,,,2026-01-29T15:47:48.163681
b6241706-f5d4-450d-8648-55a7a97c0d75,com.whatsapp,Atul Torane,1,theme and notification tone is getting reset after sometime..pls help,2026-01-28T13:53:03,0,2.26.2.72,,,2026-01-29T15:47:48.163682
379d37e8-0a2e-4628-b22e-f8c135cdfad2,com.whatsapp,Mikael Silas,5,excellent,2026-01-28T13:52:58,0,2.26.2.72,,,2026-01-29T15:47:48.163683
102afc32-83c2-43ae-aec9-5518c07033e4,com.whatsapp,Ananthan Ananthan,4,üëçüëçüëç,2026-01-28T13:52:58,0,2.26.2.72,,,2026-01-29T15:47:48.163684
54e1781c-0bab-4b81-bb75-bb9b6b6cfd8b,com.whatsapp,Munirathinam Muniyappan,5,good,2026-01-28T13:51:43,0,2.25.37.76,,,2026-01-29T15:47:48.163685
fd17ec46-40be-4339-9c8f-373583f3a028,com.whatsapp,Maureen Okocha,4,works perfectly,2026-01-28T13:49:37,0,2.25.36.73,,,2026-01-29T15:47:48.163686
605753e9-75ca-4514-a9bc-12217b9108d6,com.whatsapp,Barakat Gbemisola,3,it a very good appüëå am not rating it all because of the one problem I have it and that how they reduce video quality it not fair enough ü•∫,2026-01-28T13:49:34,0,2.26.2.72,,,2026-01-29T15:47:48.163687
9671090c-42b1-4b87-88c2-3c5a6e95afc2,com.whatsapp,Dhananjay Yadav,1,all contacts block option Nhii hai.. uninstall krne pr deta delete ho jata hai,2026-01-28T13:49:28,0,2.26.2.72,,,2026-01-29T15:47:48.163687
5f6169f2-3a80-453c-ab6d-43a275f75d37,com.whatsapp,Sunil Kumar,3,good work,2026-01-28T13:49:23,0,2.25.35.79,,,2026-01-29T15:47:48.163688
66046486-ba95-4c53-b140-d6887177c3df,com.whatsapp,Rudranshu Sen,1,"I have cleared around 6GB of internal storage on my phone, backup size is showing 2.3 GB but still chats are not getting backed up, I also have 6GB storage in my Google account and in another around 2TB but in neither backup is being done same problem is being showed that there is insufficient internal storage. I don't understand",2026-01-28T13:49:06,0,,,,2026-01-29T15:47:48.163689
724e0c86-c999-41fb-b5ad-b1c0958f8733,com.whatsapp,MADHAVA K R,5,good.,2026-01-28T13:48:58,0,2.25.37.76,,,2026-01-29T15:47:48.163690
554e9fee-db56-4a94-8af1-e900ca518cdd,com.whatsapp,Awuah Benjamin,5,Excellent,2026-01-28T13:47:25,0,,,,2026-01-29T15:47:48.163691
dbe378c4-325b-4396-8f45-67a6994ef1d6,com.whatsapp,Hussain Mhussain,5,‚ù§‚ù§‚ù§‚ù§‚ù§‚ù§‚ù§‚ù§‚ù§‚ù§‚ù§‚ù§üíöüíöüíö‚ù§üíöüíöüíöüíöüíöüíöüíöüíöüíöüòòüíöü§Æ‚ô•Ô∏è‚ô•Ô∏è,2026-01-28T13:46:30,0,,,,2026-01-29T15:47:48.163692
49b8be35-7ad2-4271-96c7-5bd135d5c8c7,com.whatsapp,ASTAMI RANA MAHADANI,3,average,2026-01-28T13:46:29,0,2.26.2.72,,,2026-01-29T15:47:48.163693
fb47d909-b240-4c0d-9516-bdc96432d4a1,com.whatsapp,Emily,5,nice app,2026-01-28T13:46:02,0,2.25.32.75,,,2026-01-29T15:47:48.163694
7d1c4f33-aa45-43f6-9b40-a9af9f570770,com.whatsapp,MIKE EDEM,5,this is very good,2026-01-28T13:45:35,0,2.25.33.79,,,2026-01-29T15:47:48.163695
2c7bf217-7461-43d4-b435-b25b8f9e84a5,com.whatsapp,sathia rajan,3,less ads please,2026-01-28T13:44:54,0,2.26.2.72,,,2026-01-29T15:47:48.163696
a8ecef3b-a928-4a0f-bdd6-e72bbd9b6d61,com.whatsapp,Rakshitha Rakshitha,2,good,2026-01-28T13:44:26,0,2.26.2.72,,,2026-01-29T15:47:48.163697
5830e917-e928-4fee-9c48-85c2b1e996e0,com.whatsapp,Jam Javid,1,Ban problems is furastrating,2026-01-28T13:43:33,0,,,,2026-01-29T15:47:48.163698
1cc5733c-fb71-4c7a-bb0d-1d9f9020c9a3,com.whatsapp,Anthony Sierra,5,I think whatsapp is cool,2026-01-28T13:43:13,0,2.26.2.72,,,2026-01-29T15:47:48.163699
a2fd1e3c-4b14-488c-b8d1-589809fd8787,com.whatsapp,Suleman Khan,5,exllent,2026-01-28T13:42:26,0,2.26.2.72,,,2026-01-29T15:47:48.163700
e27ea32b-5605-4ea3-a491-7f2d592cf4bf,com.whatsapp,Gangadhar Pradhan,5,ok,2026-01-28T13:40:40,0,2.25.37.76,,,2026-01-29T15:47:48.163701
f5d0ddcc-0925-46d9-a683-d203c008ec42,com.whatsapp,Md Ibrahim Hossain,5,Good,2026-01-28T13:40:27,0,2.26.2.72,,,2026-01-29T15:47:48.163702
5d8b249b-14c8-41da-aae3-02df3292963e,com.whatsapp,Sonam Dorji,5,nice and secure,2026-01-28T13:40:20,0,2.26.2.72,,,2026-01-29T15:47:48.163703
39874a7b-bfd2-49c4-bfc6-023137b1674b,com.whatsapp,Somnath Hati,5,avarage service,2026-01-28T13:39:34,0,2.26.2.72,,,2026-01-29T15:47:48.163704
5a272969-57a2-4802-b871-443d6bc0e9b6,com.whatsapp,Vipin Vijayan,5,üëç,2026-01-28T13:38:15,0,2.26.2.72,,,2026-01-29T15:47:48.163705
29ff4bf5-b938-44cc-aef2-2d0facb1b923,com.whatsapp,Chandra Dev,5,nice,2026-01-28T13:36:57,0,2.25.37.76,,,2026-01-29T15:47:48.163705
57a921c5-8bd1-471f-af5d-2bcce3d4442f,com.whatsapp,Sifon Nelson,1,it always crash,2026-01-28T13:36:47,0,2.26.2.72,,,2026-01-29T15:47:48.163707
6a5ef1c2-e43e-4e4f-8d37-3216c99072eb,com.whatsapp,Stephem Skiles,1,Delete all my whatsapp they've been hacked,2026-01-28T13:36:41,0,2.26.2.72,,,2026-01-29T15:47:48.163714
8c0e80de-ff12-40c8-838d-e8c8260f6e85,com.whatsapp,Beslin Sam,5,"Please add real-time notifications for screenshots and screen recordings (similar to Snapchat) for chats, media, and video calls. This would significantly improve user privacy and safety. Optional controls could include: ‚Ä¢ Toggle to allow/block screenshots ‚Ä¢ Alerts when screen recording starts ‚Ä¢ Protection for video calls and media This feature would help prevent misuse of shared content and increase trust on the platform.",2026-01-28T13:33:55,0,2.25.34.74,,,2026-01-29T15:47:48.163715
b3f8bc55-6599-4f7e-88c7-7aa445941483,com.whatsapp,Adebayo Idris,5,It's good app for me,2026-01-28T13:32:49,0,2.25.33.79,,,2026-01-29T15:47:48.163716
34e8031d-e57a-4169-8f18-e8f2052ab538,com.whatsapp,Sathish Sathish,1,it's not working properly,2026-01-28T13:32:27,0,2.26.2.72,,,2026-01-29T15:47:48.163717
a601e4c2-5a8d-4698-9044-2e808aaea644,com.whatsapp,Sohan Sahu,4,good apps,2026-01-28T13:31:50,0,2.25.37.76,,,2026-01-29T15:47:48.163718
e6d825fb-690d-416d-a29e-3f8b136d3892,com.whatsapp,Pranil Jadhav,5,‡§≤‡§Ø ‡§≠‡§æ‡§∞‡•Ä,2026-01-28T13:31:21,0,2.25.37.76,,,2026-01-29T15:47:48.163719
e214a36e-e6d2-44fc-8022-c036e0f251b6,com.whatsapp,Kiran Prasad,5,2year experience,2026-01-28T13:30:22,0,2.26.2.72,,,2026-01-29T15:47:48.163720
273fa768-ae79-4185-8aa5-e346ebc05b8e,com.whatsapp,Priyanka Kakad,5,like,2026-01-28T13:29:38,0,2.26.2.72,,,2026-01-29T15:47:48.163721
94b7563b-9501-415a-910f-373f2a87afd1,com.whatsapp,christantos salano,1,my WhatsApp isn't making calls üìû why,2026-01-28T13:29:30,0,2.26.2.72,,,2026-01-29T15:47:48.163722
1c13740f-5dc9-4fef-a000-6a0634cf99f0,com.whatsapp,Navin Mehta,5,good job,2026-01-28T13:28:35,0,2.26.2.72,,,2026-01-29T15:47:48.163722
300454de-05d1-4fc4-9e08-63cdb1273c2b,com.whatsapp,Abdul Alim,5,good,2026-01-28T13:28:13,0,2.26.2.72,,,2026-01-29T15:47:48.163723
e0800837-b13e-4190-8f9d-27e38daa963a,com.whatsapp,Zuraifah Mohamed,5,Good apps! I can connect with family and friends whenever I go in this world just using internet connection!,2026-01-28T13:27:54,0,2.26.2.72,,,2026-01-29T15:47:48.163724
f87db2b8-7b6b-4e19-bf3b-6495e49f079d,com.whatsapp,SUNIL KUMAR YADAV,5,effect no show,2026-01-28T13:27:06,0,2.26.2.72,,,2026-01-29T15:47:48.163725
937caf84-f564-4001-b3e0-9705499a26a5,com.whatsapp,md nazmon,5,nice,2026-01-28T13:26:51,0,2.26.2.72,,,2026-01-29T15:47:48.163726
fc04d417-5688-4f71-9e96-e9d5c84c1504,com.whatsapp,Amir Khan,5,this is a good,2026-01-28T13:26:15,0,,,,2026-01-29T15:47:48.163727
b36ad2db-1fbe-44d8-b450-635269db9238,com.whatsapp,Ujjal Deb,4,nice,2026-01-28T13:25:32,0,,,,2026-01-29T15:47:48.163728
a136f313-f150-4371-9b8a-e785c6e76fea,com.whatsapp,Dara Sarathbabu,5,good,2026-01-28T13:24:21,0,2.26.2.72,,,2026-01-29T15:47:48.163729
2e6d4c52-b8bb-4081-b7e5-185f3d6c0278,com.whatsapp,Gautam Kumar saday,1,nice ü§©ü§©,2026-01-28T13:23:51,0,2.26.2.72,,,2026-01-29T15:47:48.163730
5f5e70c2-072a-461d-900f-0286dbb4797d,com.whatsapp,Vicky Chudasama,5,nice,2026-01-28T13:23:37,0,2.26.1.76,,,2026-01-29T15:47:48.163731
0555507d-e30a-4894-bf56-d752e92ee436,com.whatsapp,Vijay Thakur,5,Vijay because‚ù§ goodüòä,2026-01-28T13:22:55,1,2.26.3.79,,,2026-01-29T15:47:48.163732
ce9014e9-7917-4344-b71f-48e91cc54a98,com.whatsapp,Altab Notiyar,5,apdets nahi aa raha hai,2026-01-28T13:22:39,0,2.26.2.72,,,2026-01-29T15:47:48.163733
6ce6c44a-bbb2-4051-8c0e-bbd9ead3beed,com.whatsapp,samsherali Hashmi,1,kharab,2026-01-28T13:21:53,0,2.26.2.72,,,2026-01-29T15:47:48.163734
f4d60bfc-5689-44b7-8d8e-49969ff71702,com.whatsapp,BUSINESS ACCOUNT,5,good but not very good,2026-01-28T13:20:54,0,2.26.2.72,,,2026-01-29T15:47:48.163735
00998530-ccea-4b90-b357-0e53ecee888b,com.whatsapp,A Google user,5,Good,2026-01-28T13:20:32,0,2.26.2.72,,,2026-01-29T15:47:48.163736
60855bb7-b5bc-4c92-baf9-127ba9b85e91,com.whatsapp,Deepak Rajput,5,good,2026-01-28T13:19:09,0,2.25.37.76,,,2026-01-29T15:47:48.163737
74d77f45-71cf-412b-9b1b-8edf35030198,com.whatsapp,Nikita Deval,5,üëç,2026-01-28T13:18:34,0,2.25.31.76,,,2026-01-29T15:47:48.163738
2b9803b7-7c66-4352-a5d7-ca23b344936b,com.whatsapp,Shakeel Ahmed,4,highly recommend,2026-01-28T13:18:16,0,2.26.2.72,,,2026-01-29T15:47:48.163739
78ca5270-20ad-49df-94d7-1033273a35ce,com.whatsapp,Saiful Islam,5,naic,2026-01-28T13:18:13,0,,,,2026-01-29T15:47:48.163740
f2e1443e-8743-4215-abe2-d3e0fdc03cc9,com.whatsapp,Sita Ghimirey,5,excellent üëåüëç,2026-01-28T13:18:10,0,2.25.34.74,,,2026-01-29T15:47:48.163741
a0959832-db0c-477c-8c74-644b2402d93f,com.whatsapp,Shub Starr,1,cant like,2026-01-28T13:18:02,0,2.25.21.82,,,2026-01-29T15:47:48.163742
1c839d06-da75-4644-b7b4-8f2b27ab6595,com.whatsapp,Vipin Kashyap,5,Good app,2026-01-28T13:17:51,0,2.26.2.72,,,2026-01-29T15:47:48.163743
c140b545-f6f7-464e-b68a-af144809be61,com.whatsapp,Nikhil Dahat,1,not properly work now,2026-01-28T13:17:43,0,2.26.2.72,,,2026-01-29T15:47:48.163744
ca0b71d5-e269-4f29-88c2-adbae306b030,com.whatsapp,Nandish Govannavar,5,good,2026-01-28T13:17:41,0,2.26.2.72,,,2026-01-29T15:47:48.163745
cdf60ce9-dd68-4e25-ad24-e5673798888d,com.whatsapp,Royal Rahul Kumar,5,very best üòéüòéüòÄüòÄ,2026-01-28T13:17:06,0,,,,2026-01-29T15:47:48.163746
1fc31172-4cb6-4d60-aa96-e0d12ca7ce71,com.whatsapp,Mohan Reddy,5,very good,2026-01-28T13:17:00,0,2.26.2.72,,,2026-01-29T15:47:48.163747
9e686d97-6230-4a02-ad6f-d8785c60c06a,com.whatsapp,Tshepo Ramalitse,1,it can't pop up messages,2026-01-28T13:16:50,0,2.26.2.72,,,2026-01-29T15:47:48.163747
81333dc6-72e4-4d1f-86a0-45495adf0ccc,com.whatsapp,X1 Arif,5,wow nice app good,2026-01-28T13:16:36,0,,,,2026-01-29T15:47:48.163749
68b8bb47-3bfc-4c7c-b925-8613232b3e5c,com.whatsapp,Shubham Sharma,5,Very Good,2026-01-28T13:16:09,0,2.25.8.84,,,2026-01-29T15:47:48.163750
0c47625a-fcbb-4adf-b6aa-4f3d5b4398ca,com.whatsapp,Justine Prown,5,I like it but you have to upgrade some little things,2026-01-28T13:16:08,0,2.25.34.74,,,2026-01-29T15:47:48.163751
84591b2b-9784-42df-b370-8eb10cf388b1,com.whatsapp,Philip Kpabitey,4,credible,2026-01-28T13:16:08,0,2.26.2.72,,,2026-01-29T15:47:48.163751
72022190-8eb6-4845-ae86-7c219dedc97f,com.whatsapp,Ashish Bheel,5,very nice üëç,2026-01-28T13:16:06,0,2.26.2.72,,,2026-01-29T15:47:48.163752
6e6f0f15-6005-45ce-97d7-46dcee334273,com.whatsapp,Noor Jani,5,restore my all deleted data,2026-01-28T13:15:30,0,,,,2026-01-29T15:47:48.163753
ff437ac7-3fdd-4a90-89cf-ee6f752eb9f5,com.whatsapp,Kabiru Idris,5,it's was good,2026-01-28T13:15:22,0,2.25.33.79,,,2026-01-29T15:47:48.163754
21098073-96d7-4da0-8238-9e1aee2fb7ef,com.whatsapp,Gerald Taylor,5,good excellent üëå app,2026-01-28T13:14:28,0,2.26.2.72,,,2026-01-29T15:47:48.163755
5712ca5c-3a74-4b20-9106-0f618abb5da0,com.whatsapp,TOMOM Ayom,1,"WhatsApp is not safe anymore, Why WhatsApp is getting easily hack? Now Where is your privacy? How Its getting hack is horrible, unknown person hacking the WhatsApp and Fake app pdf is forwarding to the whole contact list people. what is going on? is this some kind of joke? our privacy is not safe.",2026-01-28T13:14:26,7,2.26.2.72,,,2026-01-29T15:47:48.163756
becae652-fce7-4ea5-a2df-582cf00573d2,com.whatsapp,mdmizanur rahman,5,good,2026-01-28T13:13:05,0,2.26.2.72,,,2026-01-29T15:47:48.163757
1ee7d1af-5d2f-418e-be05-5741ee78f4f3,com.whatsapp,Maun kR,5,Maun. KR,2026-01-28T13:11:56,0,2.26.2.72,,,2026-01-29T15:47:48.163758
50276824-61ff-40c7-b71c-2ca96d802b8c,com.whatsapp,Cctv Camera,5,good,2026-01-28T13:11:40,0,,,,2026-01-29T15:47:48.163759
ec3faf03-a947-460d-8e45-e0b2906d127e,com.whatsapp,Mdjohirul Haque,5,very nice,2026-01-28T13:11:15,0,2.26.2.72,,,2026-01-29T15:47:48.163760
43e4b1f2-cade-45f0-bebf-5860f946b4dc,com.whatsapp,Tarun Kataria,5,best,2026-01-28T13:10:57,0,2.26.2.72,,,2026-01-29T15:47:48.163761
39781574-940b-45e0-8876-6b8be726fbfa,com.whatsapp,sarvananumar Umar,5,baik,2026-01-28T13:09:57,0,2.26.2.72,,,2026-01-29T15:47:48.163762
78dbaacf-977a-48b7-8014-bc48a5496aeb,com.whatsapp,sagorkhan Chion,5,‡¶≠‡¶æ‡¶≤‡ßã,2026-01-28T13:09:35,0,2.26.2.72,,,2026-01-29T15:47:48.163763
176f16b6-d600-47bd-8288-c74d459a4f0d,com.whatsapp,Pawan Pawan bishnoi,5,good,2026-01-28T13:09:24,0,2.26.2.72,,,2026-01-29T15:47:48.163764
a9114b72-8e2d-4a98-beb4-6083a3a0bb96,com.whatsapp,ISAAC UDOH,5,king housedey final final,2026-01-28T13:09:00,0,,,,2026-01-29T15:47:48.163764
1de77c1c-9540-4417-8f78-39fbbf116fcf,com.whatsapp,Ncumisa Nobetsiki,5,"whatsapp has treated me so good, I have no complaints",2026-01-28T13:08:52,0,2.25.37.76,,,2026-01-29T15:47:48.163765
3ca12766-3ddd-441f-b20d-5fe2f5610225,com.whatsapp,Rajeshkumar Shah,5,Nice,2026-01-28T13:08:12,0,2.25.3.82,,,2026-01-29T15:47:48.163766
c582c68c-117d-41df-a76c-6ecc7fb17882,com.whatsapp,Jenit Chakma,5,üëç,2026-01-28T13:07:19,0,,,,2026-01-29T15:47:48.163767
0590c084-f87b-4c77-a173-de8c2f303e51,com.whatsapp,Vijay Mithran,5,nice,2026-01-28T13:06:56,0,2.25.37.76,,,2026-01-29T15:47:48.163768
10acd7b2-71da-4512-8e00-7b29df8766fd,com.whatsapp,williams achebe,4,Can we please get access to copy status caption,2026-01-28T13:06:06,7,2.26.3.79,,,2026-01-29T15:47:48.163769
39648b52-de75-4f80-89e9-580f1be6ed45,com.whatsapp,Arsh Rocky,5,nice,2026-01-28T13:05:18,0,2.25.19.83,,,2026-01-29T15:47:48.163770
2f275cac-8b10-4a25-83b5-729bd0b6182e,com.whatsapp,Sahana Halder,5,nice,2026-01-28T13:05:16,0,,,,2026-01-29T15:47:48.163771
b233e506-7644-485d-bbba-1b8a4ce45a92,com.whatsapp,Miranda Beatty,5,good quality phone connection ‚ú®Ô∏è,2026-01-28T13:03:59,0,,,,2026-01-29T15:47:48.163772
dbb74697-09df-45e6-ab25-aab43957b9cd,com.whatsapp,Goyal filling Station,5,good,2026-01-28T13:03:25,0,2.26.2.72,,,2026-01-29T15:47:48.163774
38242974-8bce-421f-be76-9ed0b1464f05,com.whatsapp,Mohan Chandramajhi,5,üôè,2026-01-28T13:02:21,0,2.25.37.76,,,2026-01-29T15:47:48.163774
558143ed-c053-484b-a5d4-0ba95622ddb3,com.whatsapp,Goodluck timoth,5,amazing,2026-01-28T13:01:46,0,2.26.2.72,,,2026-01-29T15:47:48.163775
a824d722-b072-4e89-86ef-33fe617a0caa,com.whatsapp,Mohammad Wisal,5,goodüëç,2026-01-28T13:00:36,0,2.26.2.72,,,2026-01-29T15:47:48.163776
19c07064-82cf-4b20-b0e2-cbfc64a6ad11,com.whatsapp,Hari Haran,5,good process üëçüèº,2026-01-28T13:00:36,0,2.26.2.72,,,2026-01-29T15:47:48.163777
cda646fd-65ed-4f62-af9a-727fd1baa72b,com.whatsapp,Revendra Verma,3,poka bhai,2026-01-28T13:00:34,0,2.25.30.73,,,2026-01-29T15:47:48.163778
24a24a08-13ad-4491-ba9c-a2a07d3768cb,com.whatsapp,Kim Jim,5,WhatsApp is a very good app thank you,2026-01-28T13:00:33,0,,,,2026-01-29T15:47:48.163779
c0460d55-a963-4455-ba03-fa9f796b5200,com.whatsapp,Ajay Phaner,5,good,2026-01-28T13:00:05,0,2.26.2.72,,,2026-01-29T15:47:48.163780
6c6da596-b65c-49f3-8b6e-96bae5487d72,com.whatsapp,Bhavesh,5,whatapp is very important message,2026-01-28T12:58:43,0,2.25.37.76,,,2026-01-29T15:47:48.163781
ee8ad20d-63f0-4767-be62-4aba552a37d0,com.whatsapp,parsa atash,1,It's closing every minute,2026-01-28T12:58:37,0,,,,2026-01-29T15:47:48.163782
2a434cb3-eb82-4e42-b0f2-75aaa63d2c72,com.whatsapp,Md Masud,5,very nice app,2026-01-28T12:57:47,0,2.26.2.72,,,2026-01-29T15:47:48.163783
9ec4fa3b-7bda-4d1d-9a01-8c49bda75aed,com.whatsapp,Sunday Joseph Gbenga,3,"wow ,I love this app it's an amazing app that had never aged",2026-01-28T12:57:38,0,,,,2026-01-29T15:47:48.163784
b68c945c-68d2-46da-b8a9-9890b3f3759b,com.whatsapp,Itx Shafay,5,I am thankfull to you Whatsapp team my number is restored thanks,2026-01-28T12:57:11,0,,,,2026-01-29T15:47:48.163785
047af3a4-0ba4-48f3-88a5-4385e5369d7c,com.whatsapp,Harjinder singh,5,good üòä,2026-01-28T12:56:53,0,2.21.14.24,,,2026-01-29T15:47:48.163786
d2410ec6-4259-430d-9053-e2e9ee3b5282,com.whatsapp,Payal,5,üëçüíØ,2026-01-28T12:56:48,0,2.25.37.76,,,2026-01-29T15:47:48.163787
3c34ebec-1c65-442f-aad4-4117880f9893,com.whatsapp,lasagna,1,garbage,2026-01-28T12:56:47,0,2.26.2.72,,,2026-01-29T15:47:48.163788
ad259a02-b261-4442-a15d-18eb2ac3e252,com.whatsapp,Haziq Ramli,5,"Very reliable messaging app with fast delivery and clear voice/video calls. Easy to use for daily communication with family, friends, and work. End-to-end encryption gives peace of mind.",2026-01-28T12:56:41,0,2.26.2.72,,,2026-01-29T15:47:48.163789
0739fde9-0710-4a2c-9e1b-cdf6bcc5f915,com.whatsapp,Subathira Subha,5,awesome,2026-01-28T12:55:51,0,2.25.36.73,,,2026-01-29T15:47:48.163790
821b738b-b71a-430e-a8e0-719527677199,com.whatsapp,Jitender Kumar,5,WhatsApp is very good,2026-01-28T12:55:23,0,2.26.2.72,,,2026-01-29T15:47:48.163791
df03d0df-7808-49cd-806e-ae913b38a37d,com.whatsapp,Bablu Kushwah,5,very nice messenger,2026-01-28T12:55:21,0,2.26.2.72,,,2026-01-29T15:47:48.163792
fc47093b-ebfe-469d-a368-1c5515d2e1fc,com.whatsapp,King US khan,5,very good üëç,2026-01-28T12:54:14,0,2.26.2.72,,,2026-01-29T15:47:48.163792
e58489ef-7586-473d-bf47-7bb551bc986a,com.whatsapp,Mohammad Asadi,1,TrashüôÇ,2026-01-28T12:54:08,0,2.25.37.76,,,2026-01-29T15:47:48.163793
98aa3f28-3ebc-4ce2-a9aa-de863983a2a2,com.whatsapp,MA quyyum Quyyum,5,good,2026-01-28T12:54:03,0,2.26.2.72,,,2026-01-29T15:47:48.163794
e0494924-2ba8-4af5-b6ee-699734848ca4,com.whatsapp,Ahmad Ishfaq,1,Logging out time and again loosing my deta,2026-01-28T12:53:48,0,2.26.2.72,,,2026-01-29T15:47:48.163795
4e75b822-498e-4ad7-a1d4-aa4f0a3f0466,com.whatsapp,Qamar Ss,5,my wattsap band,2026-01-28T12:53:45,0,2.26.2.72,,,2026-01-29T15:47:48.163796
b5bc2634-6140-4f6a-acf7-bb50af77af00,com.whatsapp,Suresh D' Silva D'Silva,4,nice,2026-01-28T12:53:34,0,2.26.2.72,,,2026-01-29T15:47:48.163797
a08a5a3b-76dc-403b-bc30-6cb4f65aeeec,com.whatsapp,Idea Point,5,no1 aap,2026-01-28T12:53:13,0,2.26.2.72,,,2026-01-29T15:47:48.163798
7f65ddc3-67f7-46ec-b872-69d6c1f11430,com.whatsapp,Niraj,5,best the app,2026-01-28T12:52:56,0,2.26.2.72,,,2026-01-29T15:47:48.163799
2f031727-3782-4826-90e4-615ae7fb0a59,com.whatsapp,Amit cng Danuwar,5,good,2026-01-28T12:52:35,0,2.26.2.72,,,2026-01-29T15:47:48.163800
e91b2b66-8b24-4364-b854-20614a4f9ba4,com.whatsapp,Dheeraj Kumar,5,üòå,2026-01-28T12:51:22,0,2.26.2.72,,,2026-01-29T15:47:48.163801
f9220886-0709-4fd1-891c-dedc42fcb9c3,com.whatsapp,patricio olguin,5,üòé,2026-01-28T12:51:08,0,2.26.2.72,,,2026-01-29T15:47:48.163802
40a638e1-7fe1-452f-8454-abbcfc0cdacc,com.whatsapp,Dasharath Pandya,5,I am using two accounts on WhatsApp. it gets log out frequently whenever I try to switch to it. it's so much annoying.,2026-01-28T12:50:51,0,2.26.2.72,,,2026-01-29T15:47:48.163803
62d43fdc-d94f-4677-9069-700e290f2fed,com.whatsapp,Gabriel Lede,5,‚ù§Ô∏è‚ù§Ô∏è‚ù§Ô∏è‚ù§Ô∏èüëç,2026-01-28T12:50:30,0,2.25.37.76,,,2026-01-29T15:47:48.163803
9701847c-408d-496c-8edc-353f6fcec867,com.whatsapp,Benjan Denzel,5,one of the best chat apps,2026-01-28T12:50:11,0,2.26.2.72,,,2026-01-29T15:47:48.163804
691144f6-067d-441f-a96c-a1cc13ba13ce,com.whatsapp,Amir B,5,very Good and helpfully but no easy way for special proxy,2026-01-28T12:49:56,0,2.25.37.76,,,2026-01-29T15:47:48.163805
93a1bab4-1414-426b-906c-37a9950df2b2,com.whatsapp,Jon,4,good,2026-01-28T12:49:39,0,2.25.34.74,,,2026-01-29T15:47:48.163806
77e89240-63f7-4995-883c-05c84ed30a8f,com.whatsapp,Deepa Singh,5,thinks,2026-01-28T12:49:25,0,2.26.2.72,,,2026-01-29T15:47:48.163807
92f24ffa-0fcf-47cd-9d9d-aceff90e01ac,com.whatsapp,Md Rizwan,5,nice aap this is very easy,2026-01-28T12:49:00,0,2.26.2.72,,,2026-01-29T15:47:48.163808
8a55990e-818e-4369-b698-d6208ec8f328,com.whatsapp,Zack,5,this is my best message app.,2026-01-28T12:48:49,0,2.26.1.76,,,2026-01-29T15:47:48.163809
98f9aa9d-2dd8-437d-9d4d-7402d04ec9f3,com.whatsapp,Muhammad Huassin,4,nice,2026-01-28T12:47:40,0,2.26.2.72,,,2026-01-29T15:47:48.163810
39dbe720-cc31-4f8a-ac52-7e5156dd58e3,com.whatsapp,Rajesh Nath,1,my whatapps not opn,2026-01-28T12:46:05,0,2.26.2.72,,,2026-01-29T15:47:48.163811
8d9cf6e0-bf79-4ebc-aaa7-2c61c6e19cab,com.whatsapp,Afjal Saifi,5,my account is temporarily banned not login my whatsapp number please salution my problem sir üò≠üôèüôè,2026-01-28T12:45:41,0,2.25.37.76,,,2026-01-29T15:47:48.163812
4c6eba4f-8f78-40a1-98da-570900845d47,com.whatsapp,Ibidapo Isaac Adegboyega,3,wonderful,2026-01-28T12:45:37,0,2.22.4.74,,,2026-01-29T15:47:48.163813
f035acad-cd36-43c9-8fd4-665e4cd579cb,com.whatsapp,Quentin Moore,1,what's up app not working,2026-01-28T12:45:20,0,2.26.2.72,,,2026-01-29T15:47:48.163824
1c71b928-23fc-4282-affd-d4cd86d5a7d3,com.whatsapp,Uzezi Aaaa,5,I just love this app so much and it's very easy to use‚ù§Ô∏è,2026-01-28T12:42:54,0,2.25.34.74,,,2026-01-29T15:47:48.163825
f46a9dd8-5ee7-4945-96c6-a5f57ab79a54,com.whatsapp,lara,2,"I can no longer transfer WhatsApp images to PC via USB (folder shows ""empty"" on File Explorer). Yes, I have ""enable media visibility"" toggled to on and yes, I have ""show hidden files"" toggled to on, but I don't see a .nomedia file. No, I don't want to download them from the website using the QR code as this is much slower than batch transferring via USB. Please explain how to enable transferring of WhatsApp media to PC via USB.",2026-01-28T12:42:40,0,2.25.37.76,,,2026-01-29T15:47:48.163826
9f83b0ab-b1df-44b8-90a1-9ce188f17cdb,com.whatsapp,Rakhi,5,nice for good new,2026-01-28T12:42:30,0,2.26.2.72,,,2026-01-29T15:47:48.163827
127b6414-518d-4d7d-a34f-da4421b21899,com.whatsapp,Nikhil nikhil prajapati,4,very nice,2026-01-28T12:42:18,0,2.25.37.76,,,2026-01-29T15:47:48.163828
0778fda0-b51f-454d-a14b-4f81761a5148,com.whatsapp,Nasrah Nassy,5,Good overview,2026-01-28T12:41:48,0,2.26.2.72,,,2026-01-29T15:47:48.163829
907605ae-6c33-40c3-9ac1-4c8d498c4dd3,com.whatsapp,Prajapati Sagar,1,my whatsapp in black list,2026-01-28T12:41:19,0,2.25.20.82,,,2026-01-29T15:47:48.163830
277c1034-4ebe-4898-9516-bcbd1133788e,com.whatsapp,Naveed Naveedali,5,good üëçüèª,2026-01-28T12:40:55,0,2.25.31.76,,,2026-01-29T15:47:48.163831
90ad9da6-f058-44c7-aeda-1858a4fb309f,com.whatsapp,Tshegofatso Mashiane,5,good app,2026-01-28T12:40:51,0,2.25.32.75,,,2026-01-29T15:47:48.163832
94b223b2-d914-4f35-86e9-cde4a879ad51,com.whatsapp,Eni3 _1352,1,"My account is suddenly shutted down , it caused by spam. I don't understand. I didnot send any spam to others. My mobile number can not used. It is sucks. really !! üò°",2026-01-28T12:40:16,1,,,,2026-01-29T15:47:48.163833
e9d3895e-adb5-4b23-8bff-201bd18efa60,com.whatsapp,Md Mohammad ullah,5,‡¶≠‡¶æ‡¶≤‡ßã,2026-01-28T12:38:22,0,2.25.36.73,,,2026-01-29T15:47:48.163834
d573fe4f-b2bd-435c-91a3-d10d9215966a,com.whatsapp,Surendra Bhosale,5,good,2026-01-28T12:38:06,0,2.25.15.80,,,2026-01-29T15:47:48.163835
d2166213-f26a-45c9-a65c-8db56d35716f,com.whatsapp,Aman Dutta,5,Nice üëçüôÇ,2026-01-28T12:37:38,0,2.26.2.72,,,2026-01-29T15:47:48.163836
3676cc85-4dc3-4d77-9b2d-92da257fadf6,com.whatsapp,"Ravin G, r",5,best,2026-01-28T12:37:10,0,2.26.2.72,,,2026-01-29T15:47:48.163836
a766443b-01e2-4351-8e70-a39ac327dbb0,com.whatsapp,Asa Damzy fundz,5,horrible,2026-01-28T12:36:51,0,,,,2026-01-29T15:47:48.163837
9748bd7e-32ab-484b-af72-88ae94be65cc,com.whatsapp,Mehak ‚ÄúNancy‚Äù Gupta,1,whatsapp par new update nhi aa rhi h,2026-01-28T12:36:37,0,2.26.2.72,,,2026-01-29T15:47:48.163838
b684abe0-a441-448f-aaa6-91198af24c03,com.whatsapp,Pankaj Bhurle,5,nice,2026-01-28T12:35:21,0,2.25.37.76,,,2026-01-29T15:47:48.163839
caa81b39-cd12-4294-97bf-99900881a3e5,com.whatsapp,Indie Thame,1,it keeps on telling me that my account is a spam and doing reviews on a daily basis. and it always come back proving that there is nothing wrong with my account.,2026-01-28T12:35:18,2,2.26.3.79,,,2026-01-29T15:47:48.163840
1d88ebf6-0e79-46be-9fc9-06127b05d454,com.whatsapp,Pascal Byamukama,5,good app,2026-01-28T12:35:07,0,2.25.32.75,,,2026-01-29T15:47:48.163841
abda1479-6326-4e74-a956-c0e96af31e8a,com.whatsapp,Pooja Kumari,5,Nice aap,2026-01-28T12:34:31,0,,,,2026-01-29T15:47:48.163842
58e17349-67c2-462e-b906-5f0dc119af69,com.whatsapp,Jamie Kennard,1,it won't let me sign in,2026-01-28T12:34:27,0,2.26.2.72,,,2026-01-29T15:47:48.163843
d7648de3-9f1e-4e56-8f57-d284f0ca902f,com.whatsapp,Ritesh Jha,5,Good,2026-01-28T12:34:01,0,2.26.2.72,,,2026-01-29T15:47:48.163844
d5a76f42-01ea-498b-9798-86bce77a9c38,com.whatsapp,Mike Moyo,5,excellent,2026-01-28T12:33:51,0,2.26.1.76,,,2026-01-29T15:47:48.163845
84d14a81-9c05-4558-a4ee-00e846260370,com.whatsapp,Japheth Okpo,4,"with this app I can chat all day long, And I can communicate with anyone even by seeing the face to face.",2026-01-28T12:33:49,0,,,,2026-01-29T15:47:48.163846
ede62a63-3475-415d-9efe-dee39b01e810,com.whatsapp,Eunice Effiong,5,too slow to download.,2026-01-28T12:33:26,0,,,,2026-01-29T15:47:48.163847
e123f633-0de0-4686-b069-910c0419ff0e,com.whatsapp,Muhammad Zeshan,5,best,2026-01-28T12:33:01,0,2.26.2.72,,,2026-01-29T15:47:48.163848
5f7e841e-bb48-41e2-944d-6f5d7e268a7f,com.whatsapp,Arjun Jagtap,1,ok,2026-01-28T12:32:00,0,2.26.2.72,,,2026-01-29T15:47:48.163849
173712d5-38b6-4b4f-b6d2-1a57c94ff58d,com.whatsapp,Sorif Gazi,2,WhatsApp mein problem ho raha hai please help karo main kuchh janbujhkar ne kiya mere ko help karo na please help me janbujhkar kuchh nahin Kiya help me mere ko help karo please mujhe mera WhatsApp de do aur lock mat karo mere WhatsApp Ko Main sab kuchh delete kar dunga aur sab please on kar do please please issue,2026-01-28T12:31:53,0,2.26.2.72,,,2026-01-29T15:47:48.163849
0af51fdc-23ec-4373-b27b-2b1a7757fb12,com.whatsapp,Rajanikanta Parida,2,ok,2026-01-28T12:30:47,0,2.26.2.72,,,2026-01-29T15:47:48.163850
f6ffaf96-7dea-4432-84cf-b72b9b5fcccd,com.whatsapp,Sawon Hassan,5,nice app,2026-01-28T12:30:37,0,2.26.2.72,,,2026-01-29T15:47:48.163851
154e29d6-8a16-4838-a764-c6dafc3d0168,com.whatsapp,Mohsen Mahdavi,5,Amazing!,2026-01-28T12:29:47,0,2.26.2.72,,,2026-01-29T15:47:48.163852
a7c83c82-947f-45c0-ad57-21ae5ffce6ec,com.whatsapp,Akhira,4,"It gets the job done,I dunno what else to say ...Maybe they could better the Meta AI ,but overall the privacy is good üëç",2026-01-28T12:29:39,0,2.26.2.72,,,2026-01-29T15:47:48.163853
fd194586-41e2-4676-a8d6-44dcd02f6e73,com.whatsapp,Biswajit Mallik,1,üòçüòç,2026-01-28T12:29:37,0,,,,2026-01-29T15:47:48.163854
e2f5bf3b-5d76-4640-b358-1c772a436d14,com.whatsapp,Untold King,5,Whatsapp support team I appreciate what you do but please stop over banning our Whatsapp accounts yet we have done nothing üôèü•∫,2026-01-28T12:26:46,0,2.26.2.72,,,2026-01-29T15:47:48.163855
d2f42d51-4b2c-465e-9436-acf8c11d2525,com.whatsapp,K. Kumanan,2,okay,2026-01-28T12:26:43,0,2.25.34.74,,,2026-01-29T15:47:48.163856
19172701-366f-4bff-9f2b-6b4be74bc882,com.whatsapp,Ajide Mercy Ayodeji,5,very good,2026-01-28T12:26:39,0,2.26.2.72,,,2026-01-29T15:47:48.163857
19379873-3ca7-4ccc-b988-af92ee217929,com.whatsapp,Anuj Kumar,5,Better,2026-01-28T12:25:58,0,2.25.32.75,,,2026-01-29T15:47:48.163858
ec5c7efc-75bd-4239-90e3-5db1a22e4ee5,com.whatsapp,riyad kuakata,5,good,2026-01-28T12:25:40,0,2.26.2.72,,,2026-01-29T15:47:48.163859
b852e793-609b-47dc-96a2-6e30d33c90df,com.whatsapp,Md Enamul,5,nice app,2026-01-28T12:25:25,0,,,,2026-01-29T15:47:48.163860
0da2bc94-878b-4b2a-a2c4-23a5073f78d8,com.whatsapp,Bikram Singh,5,good app,2026-01-28T12:24:05,0,2.26.2.72,,,2026-01-29T15:47:48.163861
295aeb82-537a-4bf1-9e72-ce264f0de868,com.whatsapp,Rajib Faraji,5,nice,2026-01-28T12:22:47,0,2.22.23.77,,,2026-01-29T15:47:48.163861
006fbabe-e6e1-4b11-9c4a-769829d9ee51,com.whatsapp,BEVERLEY JONES,5,memory,2026-01-28T12:22:42,0,2.25.37.76,,,2026-01-29T15:47:48.163862
7edbc0ce-54e4-4f29-a969-4c0b6a3a0c59,com.whatsapp,Anees Ali,5,Very good app,2026-01-28T12:21:48,0,,,,2026-01-29T15:47:48.163863
5c1a9b12-60fb-46f7-b78c-23b61140af34,com.whatsapp,Janan Ahmed,5,nice,2026-01-28T12:21:40,0,2.25.31.76,,,2026-01-29T15:47:48.163864
d84aa043-c325-47b1-9b8c-6213f011644e,com.whatsapp,SAMPIE KAMALDIEN,5,100'/. Better thn Facebook,2026-01-28T12:21:29,0,2.26.2.72,,,2026-01-29T15:47:48.163865
8dc5f1b5-4aaa-4b91-8260-c3d2bc57cd27,com.whatsapp,Raheem Naeem,5,this what app is very useful app,2026-01-28T12:21:27,0,2.19.115,,,2026-01-29T15:47:48.163866
fdcf29d6-4fc5-4616-bcce-885c3183ce51,com.whatsapp,Gorelal Baghel,5,vao,2026-01-28T12:19:14,0,2.25.37.76,,,2026-01-29T15:47:48.163867
bc971358-6e40-43c0-ab56-42bd58e96da0,com.whatsapp,Zuscal Bailey,5,Excellent,2026-01-28T12:18:05,0,2.26.2.72,,,2026-01-29T15:47:50.768473
853db6d2-6617-4830-a243-30346c5a4dc0,com.whatsapp,Sunkey Bro,5,üëç,2026-01-28T12:17:21,0,2.24.12.78,,,2026-01-29T15:47:50.768480
c246694c-fdd7-4ab8-981f-8d7b066210a3,com.whatsapp,Aye Min Tun,5,This app is good communication and information for job.,2026-01-28T12:15:55,0,2.26.2.72,,,2026-01-29T15:47:50.768482
54a55f21-834d-406f-b131-cc1c2d8d19d3,com.whatsapp,Mmene Mmene,4,perfect üëå,2026-01-28T12:15:17,0,2.26.1.76,,,2026-01-29T15:47:50.768483
e3de4e1f-f092-4dce-9a4d-0f40ac2604b3,com.whatsapp,Sk sumit Sk sumit,3,good,2026-01-28T12:14:53,1,2.26.2.72,,,2026-01-29T15:47:50.768484
77ef7fa9-9776-48bb-ad75-0323d7411a05,com.whatsapp,deep Nagar,5,ü•∞‚ù§Ô∏è,2026-01-28T12:14:52,0,2.23.25.83,,,2026-01-29T15:47:50.768485
e7653752-d9ed-44e4-b600-1a7fbb6c3b90,com.whatsapp,Gaurav Chavan,5,üòä,2026-01-28T12:14:22,0,2.26.2.72,,,2026-01-29T15:47:50.768485
566c9c46-687b-4885-9ca2-864bf18553b6,com.whatsapp,Om Meshram,5,hii bro,2026-01-28T12:13:56,0,2.26.2.72,,,2026-01-29T15:47:50.768486
6a712f41-8f0c-4c88-a063-a7c922cd84f6,com.whatsapp,Wuor keach Joack,5,let's keep it up going,2026-01-28T12:13:53,0,2.26.2.72,,,2026-01-29T15:47:50.768487
94d5c7f4-487a-4089-899d-47fc9aced709,com.whatsapp,Jilisha Lugulu,5,its good,2026-01-28T12:13:06,0,2.26.2.72,,,2026-01-29T15:47:50.768488
c0fb87e9-7325-405c-9c35-e196a75cee19,com.whatsapp,Idris Azeez,5,excellent,2026-01-28T12:12:42,0,2.26.2.72,,,2026-01-29T15:47:50.768489
716e5e79-9b32-4b0a-9e8f-13f5a85bb9cf,com.whatsapp,Aditya kumar Thakur,5,nice aap,2026-01-28T12:12:35,0,2.26.2.72,,,2026-01-29T15:47:50.768490
95ae3c99-3175-4eda-877d-4fa267441090,com.whatsapp,Mujahid Raouf,5,Good,2026-01-28T12:12:08,0,2.24.25.77,,,2026-01-29T15:47:50.768491
3f276201-916e-4c49-9a7c-6dcd8a852ea2,com.whatsapp,Muhammad Farooq,5,best,2026-01-28T12:11:28,0,2.25.32.75,,,2026-01-29T15:47:50.768492
7a292568-ebc8-4ce4-bfce-adefbd212f20,com.whatsapp,Muhammad Zeeshan Hanif,4,best,2026-01-28T12:09:59,0,2.26.2.72,,,2026-01-29T15:47:50.768493
0f934194-8f18-42e1-8a7b-98442f8e23ef,com.whatsapp,Akhtar Sah,5,5 ster,2026-01-28T12:09:52,0,2.26.1.76,,,2026-01-29T15:47:50.768494
8e9f5ccb-ac32-4eef-9352-2398c47b229f,com.whatsapp,Zoya Fatima,5,amazing,2026-01-28T12:09:27,0,2.26.2.72,,,2026-01-29T15:47:50.768495
a96785dc-afad-4657-9570-e626848ddf29,com.whatsapp,Shohid Sikder,5,good,2026-01-28T12:09:10,0,2.26.2.72,,,2026-01-29T15:47:50.768496
b6a9e485-21c5-42cb-8ffc-f3030c9b1001,com.whatsapp,Matilda Owusua Abrokwah,4,love it,2026-01-28T12:08:58,0,2.25.35.79,,,2026-01-29T15:47:50.768497
151533d5-6a88-4eb3-9858-61c0f2566c9e,com.whatsapp,Muhammad Memon,5,very nice ‚ò∫Ô∏è‚ò∫Ô∏è‚ò∫Ô∏è‚ò∫Ô∏è‚ò∫Ô∏è,2026-01-28T12:08:07,0,2.26.2.72,,,2026-01-29T15:47:50.768498
ce4e86c0-043b-4ebd-af4f-a6010bcc851a,com.whatsapp,Sharvesh Maurya,5,ek bar halo,2026-01-28T12:07:31,0,2.26.2.72,,,2026-01-29T15:47:50.768498
6091b28a-eeec-48a1-9070-ff7665069a43,com.whatsapp,Awmtea Awmtea,2,I can't get any update for a couple of months . That why I can effort to gave only 3 stars right away..,2026-01-28T12:07:04,1,2.26.2.72,,,2026-01-29T15:47:50.768499
36e44b8b-4ef5-4fad-956f-0d3314683a68,com.whatsapp,Ewuntomah Yakubu,5,good,2026-01-28T12:07:01,0,,,,2026-01-29T15:47:50.768500
322969b2-7da3-499b-9534-5b1845d1d27a,com.whatsapp,Waqar Jutt,5,very good,2026-01-28T12:06:24,0,2.26.2.72,,,2026-01-29T15:47:50.768502
d2ef8ae6-a38d-44ae-b1d0-62fa5fed2831,com.whatsapp,Rahul Pal,5,Very goof,2026-01-28T12:05:42,0,2.25.37.76,,,2026-01-29T15:47:50.768503
2798a50e-92ff-49ee-8e09-e8567b16681d,com.whatsapp,Vikram Kumar,5,very nice,2026-01-28T12:05:23,0,2.26.2.72,,,2026-01-29T15:47:50.768504
aaee6fcc-ae23-43de-895f-32d21108477d,com.whatsapp,SURAJ Baranwal,1,good,2026-01-28T12:05:03,0,2.26.2.72,,,2026-01-29T15:47:50.768504
08e90e11-a8df-4caf-ac73-9fbee782f8f0,com.whatsapp,Lakshay Verma,5,nice üëçüôÇ Application for mobile üì≤ phone,2026-01-28T12:04:56,0,2.26.2.72,,,2026-01-29T15:47:50.768505
74ac769f-8e15-4af4-b9e6-4b3852e05a9b,com.whatsapp,Dileshwar Dileshwar dhiwar,3,üëç,2026-01-28T12:03:22,0,2.26.2.72,,,2026-01-29T15:47:50.768506
a6bfbb49-3511-48cd-a973-e6108acb25cc,com.whatsapp,Farhad Hussaini,5,nice,2026-01-28T12:02:56,0,2.25.37.76,,,2026-01-29T15:47:50.768507
aae562e1-68f7-4c22-b092-06f7259d3fc7,com.whatsapp,Ravindra Singh,5,very nice üëçüèª,2026-01-28T12:02:43,0,2.26.2.72,,,2026-01-29T15:47:50.768508
851d44b2-7329-4c48-854a-56d8d676680c,com.whatsapp,Debajit Paul,5,very good,2026-01-28T12:02:10,0,2.26.2.72,,,2026-01-29T15:47:50.768509
5960ef23-a7f2-4bd3-b5f3-b9dd8df66000,com.whatsapp,Tina Ngoy 360,5,this is the best meseging app and the best part I can't even remember my old messaging app in other this the app,2026-01-28T12:01:01,0,2.25.31.76,,,2026-01-29T15:47:50.768510
85131cd6-abfe-424b-aa18-c0bcff91f58b,com.whatsapp,Anish Yadav,4,super,2026-01-28T12:00:25,0,2.26.1.76,,,2026-01-29T15:47:50.768511
84dfce7c-05c1-4afc-ad2b-ed8d0e9f7e96,com.whatsapp,ritik Kumar,3,‚ù£Ô∏è‚ù£Ô∏è‚ù£Ô∏è,2026-01-28T12:00:04,0,2.26.2.72,,,2026-01-29T15:47:50.768512
97203be8-b757-4244-b083-baeb095bb055,com.whatsapp,Johnpeter Johnpeter,5,is good one üòÄ,2026-01-28T11:59:59,0,2.26.1.76,,,2026-01-29T15:47:50.768513
e3eba8c0-f1a8-4e3d-9bfa-68e056adb905,com.whatsapp,Akash Jana,5,good,2026-01-28T11:59:05,0,2.26.2.72,,,2026-01-29T15:47:50.768514
ae59657c-fafd-4d0d-bcc5-49108b3c4e3c,com.whatsapp,Devansh Kumar Singh,5,Amazing,2026-01-28T11:58:49,0,2.26.3.78,,,2026-01-29T15:47:50.768515
7fbfde20-3ad1-435b-839e-d94f05b06985,com.whatsapp,Muhammad Golam Farukh,5,This app is so good,2026-01-28T11:58:41,0,2.26.2.72,,,2026-01-29T15:47:50.768516
9eb713c5-cb67-4557-acd5-2a62c2042246,com.whatsapp,Febi Lakaw,1,why very difficult to install watsapp?,2026-01-28T11:57:48,0,2.25.33.79,,,2026-01-29T15:47:50.768517
bd5e61a8-59be-490e-bf75-35a86e3dcab4,com.whatsapp,Ali Samadi,5,very good,2026-01-28T11:57:01,0,2.25.37.76,,,2026-01-29T15:47:50.768517
20c50f2c-4396-437c-ae93-7e16fe8008c4,com.whatsapp,Ahsan Khan,5,Nice,2026-01-28T11:56:08,0,,,,2026-01-29T15:47:50.768518
b7df1b0a-d100-4977-b16c-12b64264bc4c,com.whatsapp,Raheel Khan,3,good,2026-01-28T11:55:25,0,2.21.21.17,,,2026-01-29T15:47:50.768519
bf83200a-d287-4d72-b666-d9a7e030a4b2,com.whatsapp,George Ambros,5,good app,2026-01-28T11:54:36,0,2.26.1.76,,,2026-01-29T15:47:50.768520
ce354d7b-1eeb-45d9-8111-94700d480213,com.whatsapp,Stanley Anokwuru,2,Jenny love,2026-01-28T11:52:03,0,2.25.37.76,,,2026-01-29T15:47:50.768521
547961f5-d8cc-4f1f-9bc7-86908aacd101,com.whatsapp,Madev Matrabanavar,5,super,2026-01-28T11:51:31,0,2.26.2.72,,,2026-01-29T15:47:50.768522
b273e5c5-bc5d-4030-abb7-906bc70ac43b,com.whatsapp,SUBODH KUMAR RANA,4,Good,2026-01-28T11:50:23,0,2.26.2.72,,,2026-01-29T15:47:50.768523
322fc4f4-a5f4-47eb-a206-6264fa8c4f6f,com.whatsapp,Ayesha Khan,3,its nice.,2026-01-28T11:49:38,0,2.26.2.72,,,2026-01-29T15:47:50.768524
04864fc4-2fdc-42c7-af1d-a1a08e0b5a0b,com.whatsapp,Malik Hasnain,5,dood app,2026-01-28T11:49:37,0,2.26.2.72,,,2026-01-29T15:47:50.768525
4fb64362-b8b6-4c19-b3d4-ec354645fe3e,com.whatsapp,Ahmed Elshaer,5,‚ù§Ô∏è,2026-01-28T11:49:02,1,2.26.3.79,,,2026-01-29T15:47:50.768526
e8b0cb4a-31f3-41e1-828a-16f953a4f366,com.whatsapp,Chandra lok,5,those was the very best,2026-01-28T11:48:51,0,2.25.32.75,,,2026-01-29T15:47:50.768527
3566cea5-588e-4154-8896-e8512be143dc,com.whatsapp,Ankezelle Button,1,What is whatsapps problem its for free but yet you can end uo with so much more isaues,2026-01-28T11:48:47,0,2.26.2.72,,,2026-01-29T15:47:50.768528
b594b382-b515-4526-b958-1bf620c910ac,com.whatsapp,Timothy Tyogyer,2,üíØ,2026-01-28T11:47:40,0,2.25.37.76,,,2026-01-29T15:47:50.768529
2e8cf9b5-5a67-42e0-9b75-721211e8c269,com.whatsapp,Fatoo Btc,5,qudus,2026-01-28T11:45:55,0,,,,2026-01-29T15:47:50.768530
99d3f489-fdcb-405b-a513-e1b8f335e0ef,com.whatsapp,ESSAKI NATARAJAN,4,"I‚Äôm facing a frequent issue with WhatsApp chat history. Many times, the chat backup fails, and because of this, entire chat histories get deleted. This is very frustrating, especially when chats contain important personal or work-related information. Why does WhatsApp still depend so heavily on device-based backups (Google Drive/iCloud)? Why can‚Äôt chat history be handled more like Instagram, where messages are safely stored on servers and not lost due to backup failures.",2026-01-28T11:45:41,0,2.26.2.72,,,2026-01-29T15:47:50.768530
5651212c-9319-4a63-863a-f09ce879259a,com.whatsapp,Proud Dlamini,5,good and nice,2026-01-28T11:44:40,0,2.25.31.76,,,2026-01-29T15:47:50.768531
9fd21c23-b1bb-4f4d-bb49-3a1d2aebd9c0,com.whatsapp,AliJan Bashir,5,good,2026-01-28T11:44:32,0,,,,2026-01-29T15:47:50.768532
845a7256-c877-4b81-8c31-912323bdbe8c,com.whatsapp,MD Eminem hosain,1,dear sir please help my WhatsApp verification not received my Android phone please help,2026-01-28T11:43:04,0,2.26.2.72,,,2026-01-29T15:47:50.768543
6702c725-53d4-485b-a230-583640c057c9,com.whatsapp,Renato Sabal,5,good üëç,2026-01-28T11:43:02,0,2.26.1.76,,,2026-01-29T15:47:50.768544
c6927db6-e2a5-424a-9c25-1f1f3e2cd2c7,com.whatsapp,Fabio Bosch,5,everyone's favourite app,2026-01-28T11:42:27,0,2.26.1.76,,,2026-01-29T15:47:50.768545
e24e5e22-4f63-4404-88c3-1e16e561169e,com.whatsapp,MD Harun Rashid Rashid,5,nice aap,2026-01-28T11:41:55,0,2.26.2.72,,,2026-01-29T15:47:50.768545
ae805ebc-50dc-4149-b915-b80afc4e249d,com.whatsapp,Eleboy Cuasito Montano,5,good,2026-01-28T11:41:18,0,2.26.2.72,,,2026-01-29T15:47:50.768546
b6671092-39da-49fd-8187-b1a5e4f24ef7,com.whatsapp,Mohamed Amine Sarih,1,one of the top worst apps you can get it is not secure anymore and annoying repetitive updates to make more accessable to hackers and Govs and when out of date toooo many annoying notification to update this piece of trash app i have it because everyone has it and there is no real replacable to it for now,2026-01-28T11:41:10,0,2.25.37.76,,,2026-01-29T15:47:50.768547
b290a516-b481-4548-a7a9-723ff2f9c7d9,com.whatsapp,Sami Special,2,call history should be only deleted from your side not from both side,2026-01-28T11:40:23,0,2.25.37.76,,,2026-01-29T15:47:50.768548
639da352-c45a-4e53-a7fc-1d302f034ade,com.whatsapp,Muhammad Sajjad,1,it can't reinstall what's app on my phone,2026-01-28T11:38:12,0,2.25.37.76,,,2026-01-29T15:47:50.768549
4326b015-899c-4af2-a353-7a3e9fdab859,com.whatsapp,Dharampal Singh,4,very nice app,2026-01-28T11:37:47,0,2.26.2.72,,,2026-01-29T15:47:50.768550
3c205021-4306-49cf-95c8-f9f1091f88a1,com.whatsapp,Dipesh Kunwar,4,good,2026-01-28T11:37:44,1,2.26.3.79,,,2026-01-29T15:47:50.768551
d9da64bd-efd6-46a6-a397-3a72a0629e8e,com.whatsapp,Dossy Rashid,5,dhe app is absolutely fine,2026-01-28T11:37:15,0,2.26.2.72,,,2026-01-29T15:47:50.768552
6c49ceab-c0ef-4cfa-a668-6f906faa44c7,com.whatsapp,Himanshu Goud,5,this app is very usefull,2026-01-28T11:37:13,0,2.25.37.76,,,2026-01-29T15:47:50.768553
358dd0eb-a1ac-465b-88b2-30b330fdec6e,com.whatsapp,Ismirizal Ishak,3,OK,2026-01-28T11:35:05,0,2.26.2.72,,,2026-01-29T15:47:50.768554
2ff052c9-f27c-44a7-8230-0414cfecbe0e,com.whatsapp,Parth Realcon Pvt. Ltd.,5,good,2026-01-28T11:34:49,0,2.26.2.72,,,2026-01-29T15:47:50.768555
9e7b9eb8-a99c-411b-942f-f434d868b60b,com.whatsapp,Kamo Mohlodi,5,it's amazing to talk to friends and family,2026-01-28T11:34:28,1,2.26.3.79,,,2026-01-29T15:47:50.768556
a7f73b58-e1aa-4a35-ad2b-89a2bcdd7895,com.whatsapp,irshad khan,1,good,2026-01-28T11:33:11,0,2.25.26.74,,,2026-01-29T15:47:50.768557
b0d1db4a-0e80-47ca-9456-bd08ac410e81,com.whatsapp,nagaraj Kiccha,5,nice,2026-01-28T11:32:45,0,2.26.2.72,,,2026-01-29T15:47:50.768558
e9c4ac95-90dd-456e-9efd-2ea949c001c7,com.whatsapp,Ayaan Naveed,5,my what's up is not working pls help,2026-01-28T11:31:47,0,2.26.2.72,,,2026-01-29T15:47:50.768558
6ae1056c-7838-4ca2-91c5-8b159c222474,com.whatsapp,Winston Hinds,5,#1 all throughout Carib.,2026-01-28T11:30:43,0,2.25.35.79,,,2026-01-29T15:47:50.768559
7f885097-1632-4523-904b-fea2d44b6d4e,com.whatsapp,Ramsing bhominj,2,very good app,2026-01-28T11:30:39,0,,,,2026-01-29T15:47:50.768560
ca6f6565-b537-4016-8476-ad451f689bd6,com.whatsapp,Hassan Malik,1,Wattsapp,2026-01-28T11:30:08,0,2.26.2.72,,,2026-01-29T15:47:50.768561
3bcc3421-bab9-4fc8-bf85-4c7187211326,com.whatsapp,AaSHISH BHANDARI,5,good,2026-01-28T11:29:57,0,2.25.37.76,,,2026-01-29T15:47:50.768562
57334bf7-38d6-4563-9a5b-a7cfe7e6f1a3,com.whatsapp,Bhra Kb,5,good,2026-01-28T11:29:14,0,,,,2026-01-29T15:47:50.768563
93e66770-a1ce-4beb-8b16-a4ef5737bb9a,com.whatsapp,Harish Poola,5,super,2026-01-28T11:28:59,0,2.26.2.72,,,2026-01-29T15:47:50.768564
47263676-cf29-4339-8fbb-6befbec1f7f7,com.whatsapp,Vinod Tak,1,how to block my mobile number he was say no longer using WhatsApp,2026-01-28T11:28:58,0,2.25.1.75,,,2026-01-29T15:47:50.768565
3e2a1cb7-36f6-4c04-b633-affd8f9138f3,com.whatsapp,Jeevan Pokhrel,1,useful to us,2026-01-28T11:28:49,0,,,,2026-01-29T15:47:50.768566
e667470a-e127-45f5-832d-642b2df44a3f,com.whatsapp,Joel Ngoge,5,Good,2026-01-28T11:28:39,0,2.26.2.72,,,2026-01-29T15:47:50.768568
2aeaf53f-0a32-4a11-b8a2-bfeb89e2fbb5,com.whatsapp,Zainab Sarah Muhammed,5,very good üòä,2026-01-28T11:28:30,0,2.26.2.72,,,2026-01-29T15:47:50.768570
867ff699-2aaf-44f5-8e3f-7c0fec0a5ee8,com.whatsapp,Vickie Williams,5,excellent,2026-01-28T11:28:10,0,2.26.2.72,,,2026-01-29T15:47:50.768570
d8c1a558-7b5f-4f2d-adbe-2ed4744c8621,com.whatsapp,Shayan Ghosh,5,very good,2026-01-28T11:27:33,0,,,,2026-01-29T15:47:50.768571
a87e9808-e28c-4d04-b4ed-a700faaa6476,com.whatsapp,Ashish Sharma,5,nice,2026-01-28T11:27:16,0,2.26.2.72,,,2026-01-29T15:47:50.768572
9c3cca16-8fa9-4bed-bea4-0a3b42792575,com.whatsapp,Md raffan Malik,5,very nice,2026-01-28T11:25:49,0,,,,2026-01-29T15:47:50.768573
8ed3437e-1609-4b57-b6d0-87f927f38d9e,com.whatsapp,Kajal Verma,1,own problem to not open the whatsApp,2026-01-28T11:24:08,0,2.26.2.72,,,2026-01-29T15:47:50.768574
4b19b204-6a5e-4f72-bd57-63861921cdff,com.whatsapp,Rafiqul Islam,5,just best for communication üôåüèª I appreciate üëçüèª,2026-01-28T11:23:35,0,2.26.2.72,,,2026-01-29T15:47:50.768575
5d5ec4cc-a466-4fb6-b085-8412b3123229,com.whatsapp,Nadir Ali,5,very nice,2026-01-28T11:23:21,0,2.25.36.73,,,2026-01-29T15:47:50.768576
a9c6b2cd-7ba3-4b24-ada7-c4a5e5cda2c0,com.whatsapp,Rana Shahbaz,1,My WhatsApp bans please unblock,2026-01-28T11:22:05,0,2.26.2.72,,,2026-01-29T15:47:50.768577
c95a31a9-c9c1-4760-abf6-06857676e35e,com.whatsapp,Md Amir Shekh,5,im whatsapp costomer,2026-01-28T11:21:26,0,2.26.2.72,,,2026-01-29T15:47:50.768578
b977e048-45a6-41e8-9d4b-4b28c6f463f3,com.whatsapp,subrahmanyam koppuravuri,5,excellent service s.,2026-01-28T11:21:25,0,2.26.2.72,,,2026-01-29T15:47:50.768579
9a483533-29e9-4a8b-93c9-1f53c278c9ba,com.whatsapp,mary ann suner,5,convenient,2026-01-28T11:20:54,0,2.26.2.72,,,2026-01-29T15:47:50.768580
b050c53a-d5f6-4000-876b-91819e780140,com.whatsapp,Ernest Phiri,5,this app is great and simple friendly user,2026-01-28T11:20:41,0,2.25.37.76,,,2026-01-29T15:47:50.768581
c17becc7-e29d-489c-a505-e9755d219862,com.whatsapp,Pino Cariati,5,A Seriously good Application,2026-01-28T11:17:28,0,2.25.37.76,,,2026-01-29T15:47:50.768582
c0c55562-32b6-4275-b486-18fdc1345a11,com.whatsapp,SATISH KUMAR,5,what's app is best app,2026-01-28T11:17:12,0,2.26.2.72,,,2026-01-29T15:47:50.768582
afc6ad92-fcae-4f7a-8ac3-5489620ff4ed,com.whatsapp,Third soe,5,nice,2026-01-28T11:17:09,0,,,,2026-01-29T15:47:50.768583
302797f8-208e-40f3-bf38-ea614006a95f,com.whatsapp,Ouchitha Indrawansha,5,"The best masseging app out there. simple and on the mark. But please keep it clear, simple without making it complex. this is good",2026-01-28T11:17:03,2,2.26.3.79,,,2026-01-29T15:47:50.768584
65df5ad1-6f33-4562-a060-0f7e3b069821,com.whatsapp,Ankit kumar Yadav,3,good,2026-01-28T11:16:38,0,2.26.1.76,,,2026-01-29T15:47:50.768585
8f4d24d9-9aa8-40a7-b392-6bca76640df8,com.whatsapp,Nishad ji Badshah,4,nice app,2026-01-28T11:16:00,0,2.25.37.76,,,2026-01-29T15:47:50.768586
77e8cb91-c650-4c05-b27b-738263cfff7d,com.whatsapp,Maame Kuukua,5,I have enjoyed it,2026-01-28T11:15:19,0,2.26.2.72,,,2026-01-29T15:47:50.768588
1446ed57-a5c5-409d-b7fc-2da8f8d6e9da,com.whatsapp,MAHADEV KUMAR,5,ab kya hi bolu me aap to jaanate hi hai,2026-01-28T11:15:01,0,2.25.37.76,,,2026-01-29T15:47:50.768589
c1dba1fc-a179-48cb-8900-da8a59fb1385,com.whatsapp,David Uka,5,good üòä,2026-01-28T11:15:00,0,2.25.37.76,,,2026-01-29T15:47:50.768590
bab76cf4-fe4a-4456-ab30-0ddba0b7bc4c,com.whatsapp,Ariwibowo,5,very google well,2026-01-28T11:14:46,0,2.26.2.72,,,2026-01-29T15:47:50.768591
0afe367a-6756-4aa8-b616-f03103d67ff4,com.whatsapp,TenIn TenIn,5,nice,2026-01-28T11:14:31,0,,,,2026-01-29T15:47:50.768592
681aff0d-80de-45aa-95ac-9f781b041570,com.whatsapp,Waqar Sardar,5,good,2026-01-28T11:13:50,0,2.26.2.72,,,2026-01-29T15:47:50.768593
9697601e-e463-47c8-b0fb-5161c923db5a,com.whatsapp,Naanyar Neeyar,2,Very good and help full this app,2026-01-28T11:12:51,0,2.26.2.72,,,2026-01-29T15:47:50.768593
0f0e793d-04bc-4676-a65c-90419d871043,com.whatsapp,Kaif Faridi,5,thanks for whatsapp,2026-01-28T11:12:44,0,,,,2026-01-29T15:47:50.768594
9a8b7b32-2081-4857-8fe3-a9ec0b4f1ff1,com.whatsapp,Uttam Roy,3,Very nice google play store good morning please platform very good looking at your place very good morning family friends sabike namaskar love you too Uttam Roy laudoha paschim bardhaman.,2026-01-28T11:12:17,0,2.25.37.76,,,2026-01-29T15:47:50.768595
5e28d888-9c79-4d32-bf68-1b44a7e8e6d1,com.whatsapp,HIRA Amir,1,"Hello WhatsApp Team, My WhatsApp account has been under review for the past 4 days and I am still unable to access it. The app keeps showing loading or asking for review again even after verification. I am part of an organization and was receiving many messages on this number related to course registrations. Because of the high number of incoming messages from unknown contacts, my account may have been flagged by mistake.",2026-01-28T11:10:59,0,,,,2026-01-29T15:47:50.768596
523e608b-44c2-483c-a297-3c4689213701,com.whatsapp,Ayyanraj C,1,privacy policies sucks,2026-01-28T11:10:37,0,2.26.2.72,,,2026-01-29T15:47:50.768597
e1ec672f-64ca-465b-89d8-66183ca2b2c8,com.whatsapp,Jason Miles,4,interesting and no issues with the comeback,2026-01-28T11:09:55,0,2.26.2.72,,,2026-01-29T15:47:50.768598
425178e6-6388-48a2-8d48-e64f48d9a1c8,com.whatsapp,Muhammad asif,5,good,2026-01-28T11:08:00,0,2.26.1.76,,,2026-01-29T15:47:50.768599
7eed1cd6-8c05-4806-8369-5f68b990b17b,com.whatsapp,Qudus Olayinka,5,wow it's great the new update,2026-01-28T11:07:59,0,2.25.26.74,,,2026-01-29T15:47:50.768600
ee6b192b-d680-409e-b829-88b0fbda5420,com.whatsapp,Bhanvarlal Meghwal,5,best,2026-01-28T11:07:52,0,2.26.2.72,,,2026-01-29T15:47:50.768601
d690268c-cada-415f-843b-3a46f2d49e95,com.whatsapp,sunusi musa,5,im really excited with WhatsApp wow that's awesome üëçüëçüëçüëç...,2026-01-28T11:06:52,0,2.26.2.72,,,2026-01-29T15:47:50.768602
e82e94dd-5667-437c-a8c6-db62d55627c9,com.whatsapp,Farjana islam Mim,5,good,2026-01-28T11:05:39,0,2.26.3.79,,,2026-01-29T15:47:50.768603
f70ab3d0-b07d-4160-85b4-b55f49850c3c,com.whatsapp,Jakariya Hingora,5,App image send problem,2026-01-28T11:05:14,1,2.26.2.72,,,2026-01-29T15:47:50.768604
33a2fc45-fab9-4c5c-8530-78b64e9ec389,com.whatsapp,Michelle Lynch,1,"I don't understand. I have a memory card in my phone, and it is still telling me I am out of space",2026-01-28T11:01:55,0,2.25.33.79,,,2026-01-29T15:47:50.768606
e5587260-8852-4b7f-b68e-87a9003ff471,com.whatsapp,Good Student,5,keren,2026-01-28T11:01:48,0,,,,2026-01-29T15:47:50.768607
8ef5862d-74c7-47e0-9ace-1095b97c3aa6,com.whatsapp,Prince Yadav,5,best app,2026-01-28T11:01:23,0,,,,2026-01-29T15:47:50.768608
a8237445-bc42-4c6f-a7a3-92731086fa77,com.whatsapp,Presenjit Basak,5,This Aap is very Usefull and Important.üíö‚ù£,2026-01-28T11:00:43,0,2.25.31.76,,,2026-01-29T15:47:50.768609
6619c8e7-b87e-4ddd-bc0b-45d0ceb67dc8,com.whatsapp,Vince Apin,4,great for group chats and sending videos and files.,2026-01-28T11:00:38,0,2.25.26.74,,,2026-01-29T15:47:50.768610
349e75dd-49ba-44b0-9e3e-efb9c62b9254,com.whatsapp,pollobsingharoy pollobsingharoy,5,good,2026-01-28T11:00:21,0,2.26.2.72,,,2026-01-29T15:47:50.768611
c2470cc1-d9d8-4222-8217-1b85acef450e,com.whatsapp,Abhijit Doijad,5,goodüëç work,2026-01-28T11:00:11,0,2.26.2.72,,,2026-01-29T15:47:50.768612
8876ab3e-4f7d-425e-8f28-d6c4a7e9f5f7,com.whatsapp,Jithin A C,5,sooper,2026-01-28T10:59:26,0,2.26.2.72,,,2026-01-29T15:47:50.768613
8ee67528-7c82-439e-87a2-bb79536ecc85,com.whatsapp,Ade Syamsul,5,Baik,2026-01-28T10:59:18,0,,,,2026-01-29T15:47:50.768614
7ea9a766-fcae-44fd-87bc-7dd431f95bdd,com.whatsapp,Shahan Khan,2,"Dear WhatsApp Team, I have lost the SIM card associated with my WhatsApp account and currently do not have access to it. Could you please assist me in recovering my old WhatsApp account without the SIM card? BackOnTech Thank you for your help.",2026-01-28T10:58:11,0,2.26.2.72,,,2026-01-29T15:47:50.768615
3072682c-84e8-445c-b895-5b74d44f88aa,com.whatsapp,LORNA AMRITA JOHAL,5,WhatsApp Is Great For Storing Information.,2026-01-28T10:54:28,0,2.26.1.76,,,2026-01-29T15:47:50.768616
a1ec149d-f15f-41b1-a472-ef9ffd8f9326,com.whatsapp,Naveen Kumar,1,photo quality low,2026-01-28T10:53:56,0,2.25.35.79,,,2026-01-29T15:47:50.768617
d7843253-7555-4cc6-829d-fe6a6f1b1665,com.whatsapp,Craig McDonald,5,Love this,2026-01-28T10:53:45,0,2.26.2.72,,,2026-01-29T15:47:50.768617
02a82d02-66ec-477a-83e6-c7b3013006d3,com.whatsapp,Javed Iqbal,5,my phone is vivo v2020 but Wattsapp show 1920,2026-01-28T10:53:00,0,,,,2026-01-29T15:47:50.768618
1df97223-f71e-4da3-957b-008aac3c62fd,com.whatsapp,Sandeep Kannojiya,4,good,2026-01-28T10:50:09,0,2.26.2.72,,,2026-01-29T15:47:50.768619
1aa16054-fb1b-4cd0-8694-6ff3c46f4a7f,com.whatsapp,Sanjith sarvesh,5,Nice but not updating in my device i dont know why,2026-01-28T10:49:17,0,2.25.25.73,,,2026-01-29T15:47:50.768620
97f3c5b5-197b-4abd-9992-6beb3eedd5c1,com.whatsapp,Waheda Bibi,5,v üëçüëçüëçüëç nice,2026-01-28T10:48:18,0,2.26.2.72,,,2026-01-29T15:47:50.768621
266696c9-3b83-463f-9e8a-6db6a9d0aebb,com.whatsapp,Malak ibrahim,3,"Many updates aren't showing up for me, and this is annoying. Please fix this",2026-01-28T10:47:51,0,,,,2026-01-29T15:47:50.768622
4d8c9cde-6740-4304-bd84-02e9aa4111e4,com.whatsapp,A Google user,5,I love the voice message feature and all other features including video call,2026-01-28T10:47:04,0,2.26.2.72,,,2026-01-29T15:47:50.768623
4d2ccd04-a7b2-4390-b423-db5335b74121,com.whatsapp,Anuj Rai,5,very Good,2026-01-28T10:46:54,0,2.25.33.79,,,2026-01-29T15:47:50.768624
312ee7f7-9cda-42e0-8958-dbe1be93e70f,com.whatsapp,Raymond Victor Eta,5,cool app ever,2026-01-28T10:46:48,0,2.25.37.76,,,2026-01-29T15:47:50.768625
b2ccc5bd-dcb2-48e9-a72b-3b0bf80e5d05,com.whatsapp,Aditya Singh,3,After the new update to open whatsapp I need to restart the whatsapp completely after scanning fingerprint or entering password.,2026-01-28T10:46:47,0,2.26.2.72,,,2026-01-29T15:47:50.768626
3f4afb6d-e04e-4902-a8b1-31c341a9f1e7,com.whatsapp,SHISHIR AHAMMAD,5,useful application,2026-01-28T10:46:24,0,2.26.2.72,,,2026-01-29T15:47:50.768627
8f067a80-75e2-47df-85e0-87986d60e841,com.whatsapp,Md nur hasan Cox,5,nice app,2026-01-28T10:45:59,0,2.25.37.76,,,2026-01-29T15:47:50.768628
7bbc0f24-0962-4302-bdd5-b190b48e5bfb,com.whatsapp,Mitu Akter,5,‡¶ñ‡ßÅ‡¶¨ ‡¶≠‡¶æ‡¶≤‡ßã‚ù§Ô∏è,2026-01-28T10:44:35,0,2.26.2.72,,,2026-01-29T15:47:50.768629
359ee5ff-0eb7-4340-9152-a00aec790225,com.whatsapp,Ayuba Ishaya,5,Excellent,2026-01-28T10:42:13,0,2.26.2.72,,,2026-01-29T15:47:50.768630
6f0f8b54-74ca-403a-bd70-42f8a015fda7,com.whatsapp,Nangyal Ahmad,4,it is basically a best app I've ever used since 5 years . what's app the the most reliable communication app ...,2026-01-28T10:41:51,1,2.25.37.76,,,2026-01-29T15:47:50.768630
7bc64e6a-8bc5-47d9-b653-fef5af3ff4d1,com.whatsapp,Divya Jha,1,photos are coming blur,2026-01-28T10:41:44,0,2.26.1.76,,,2026-01-29T15:47:50.768631
003f122d-2e73-4f49-a1f1-74c7c1178dbb,com.whatsapp,Faizjoyo Joyo,1,Whatsapp otp not coming | Whatsapp code number not received | whatsapp verification code problem | whatsapp number par otp verification code nahi aa rha hai,2026-01-28T10:41:40,0,2.26.2.72,,,2026-01-29T15:47:50.768632
c12db920-4824-4daf-8c1e-a085ab796a16,com.whatsapp,Anil Kumar,5,mera account bhi open ho rha hai mere account no phir se continue Kiya jaye please sir good morning sir my account is blocked please sir is account no continue kijiye,2026-01-28T10:41:21,0,2.26.2.72,,,2026-01-29T15:47:50.768633
fe8b880d-cab9-4d12-9d3b-d96ba85026ea,com.whatsapp,Aasif Khilorya,1,bad apps,2026-01-28T10:41:11,0,2.26.1.76,,,2026-01-29T15:47:50.768634
6e6e68c4-41e7-44fb-9ae9-d996a8665b44,com.whatsapp,Eesya,5,please add feature edit caption on status please,2026-01-28T10:40:15,0,,,,2026-01-29T15:47:50.768635
51839441-55d5-4928-a4f8-0584a6e1fb2c,com.whatsapp,Navnit kumar Anant,5,nice,2026-01-28T10:39:49,0,2.26.2.72,,,2026-01-29T15:47:50.768636
b9ca4063-26b5-4af0-97a8-98985a7daf0b,com.whatsapp,Shukreia Nazari,5,Very good,2026-01-28T10:39:40,0,2.25.37.76,,,2026-01-29T15:47:50.768637
58dfcd77-a29f-465d-b5b5-4dfee2cd50ff,com.whatsapp,Matthew Clifton,5,"great üëç I love what's app now that pretty much every scammer, and fake female profile üò° that is Kate By name.. loves to go phishing for lonely men asking to what'sapp chat.",2026-01-28T10:39:21,0,2.26.2.72,,,2026-01-29T15:47:50.768638
bede5d5c-b705-427c-acd3-79ac6243895a,com.whatsapp,Raj Rajput,5,good,2026-01-28T10:38:47,0,2.26.2.72,,,2026-01-29T15:47:50.768639
07840d2f-35b3-4397-9a37-3640867902d8,com.whatsapp,Deepak Vaishnav,5,üëç,2026-01-28T10:38:36,0,2.26.2.72,,,2026-01-29T15:47:50.768640
8031c9b9-dcbb-4180-b2a2-ec19ae55557a,com.whatsapp,CHARLES EBUBE (SIR PERRY),5,One the best social media app ever üòâ,2026-01-28T10:37:31,0,2.26.1.76,,,2026-01-29T15:47:50.768641
44ef206e-208b-4b9b-abee-8b122eb90992,com.whatsapp,NAGENDRA KUMAR,5,‡§µ‡•à‡§∞‡•Ä good,2026-01-28T10:37:16,0,2.26.1.76,,,2026-01-29T15:47:50.768642
8b84551f-e2b8-43db-a82f-df34d6a1bb1c,com.whatsapp,Dharmpal Kumar,5,good üëç WhatsApp,2026-01-28T10:37:01,0,2.26.1.76,,,2026-01-29T15:47:50.768643
0874f2ce-4fc8-428c-8739-d8fde763cd54,com.whatsapp,MD.Khalikur Rahoman Rasel,5,Good üëàüòòü•∞,2026-01-28T10:36:31,0,2.26.2.72,,,2026-01-29T15:47:50.768644
d41f1f5c-b878-422b-b0bf-e99cd97eadc1,com.whatsapp,sandhya Yadav,5,nice,2026-01-28T10:36:01,0,2.25.33.79,,,2026-01-29T15:47:50.768644
725b4493-1e17-4b10-8114-f194853265a9,com.whatsapp,Aatrul Gajia,5,Raj bhai,2026-01-28T10:33:00,0,,,,2026-01-29T15:47:50.768645
99b021f7-88b4-48aa-b175-d238b4c71e9d,com.whatsapp,Saif Mughal,5,Good,2026-01-28T10:31:19,0,2.25.37.76,,,2026-01-29T15:47:50.768646
909bb247-bc8d-4ea6-b420-c14fd24303bc,com.whatsapp,Niranjan Kumar,4,ok,2026-01-28T10:31:05,0,2.25.37.76,,,2026-01-29T15:47:50.768647
15aaea58-e4be-473b-9684-ee1f09255d8e,com.whatsapp,Manish Kushwaha,5,I bot get WhatsApp please,2026-01-28T10:29:27,0,,,,2026-01-29T15:47:50.768648
bd84ad6b-8a37-42d9-9bc5-26cb6bc72c2a,com.whatsapp,Ruwan Ajith,5,Best experience,2026-01-28T10:29:06,0,2.25.37.76,,,2026-01-29T15:47:50.768649
5654c48f-1fb5-4f1d-ba59-e3be9d897cae,com.whatsapp,Mithra Parvana,3,soo wannabe insta rn,2026-01-28T10:28:45,0,2.26.2.72,,,2026-01-29T15:47:50.768651
675e952a-c08a-49d2-bd7b-ed9f1d15fbf1,com.whatsapp,Rasel Mahammud,5,nice,2026-01-28T10:28:28,0,2.26.2.72,,,2026-01-29T15:47:50.768652
37c99171-8ee9-469d-8947-56ec0aa9e7a5,com.whatsapp,soumen Das,5,ok,2026-01-28T10:27:11,0,2.26.2.72,,,2026-01-29T15:47:50.768653
452214e9-78af-4b34-956d-12ea1d862cbf,com.whatsapp,Ashen Keshara,5,super,2026-01-28T10:26:56,0,,,,2026-01-29T15:47:50.768654
70d3fbed-92c9-4bd9-bea0-7773f25b0b24,com.whatsapp,SERAJUL HOQUE,3,good,2026-01-28T10:26:25,0,2.25.31.76,,,2026-01-29T15:47:50.768655
ed0792d5-a345-4a3a-a209-5c263ceb515a,com.whatsapp,Iqra babar Iqra babar,5,plz whats app unbanned,2026-01-28T10:25:22,0,2.26.2.72,,,2026-01-29T15:47:50.768656
4bfbc16a-7519-4160-8a64-15c922fa0905,com.whatsapp,GRG AJOY NB,5,gajab ka app he,2026-01-28T10:25:21,0,2.25.32.75,,,2026-01-29T15:47:50.768657
9c2a8b2a-eaa6-4099-964b-74a811e3bd54,com.whatsapp,Wilton Hooker,4,"What's App is very useful, especially when Underground in the subway tunnel.",2026-01-28T10:24:10,0,2.25.37.76,,,2026-01-29T15:47:50.768658
22eb9f9d-9984-4105-9747-109b612f15cf,com.whatsapp,m fayaz,5,good,2026-01-28T10:24:06,0,,,,2026-01-29T15:47:50.768659
fdb12610-128b-4438-a347-df89899bde11,com.whatsapp,Clement Johnson,5,nice,2026-01-28T10:24:03,0,2.25.37.76,,,2026-01-29T15:47:50.768660
48d96302-633e-42ed-b930-cbadee4febb4,com.whatsapp,Ashish Kumar,5,very good,2026-01-28T10:23:41,0,2.25.36.73,,,2026-01-29T15:47:50.768661
1d7d58f9-933a-4a03-98ef-a5f0303ac997,com.whatsapp,Sajid Khan,3,good,2026-01-28T10:23:24,0,2.26.2.72,,,2026-01-29T15:47:50.768662
0cfb6dca-3182-41c5-88fd-9eb3216940fa,com.whatsapp,John Benyin,2,Am experienced much about using what up,2026-01-28T10:22:35,0,,,,2026-01-29T15:47:50.768663
385508c6-d4f2-4ccf-8675-8c6b5507c1ad,com.whatsapp,Pritam Tandel,5,"Whatsapp is very good. Easy to operate share photo, videos, voice or video call",2026-01-28T10:22:12,0,2.26.1.76,,,2026-01-29T15:47:50.768664
e1709c71-6f81-4e20-baa6-3dcf26e1625e,com.whatsapp,Asim Khan,5,voices after some days doesn't play why???,2026-01-28T10:21:37,0,2.25.37.76,,,2026-01-29T15:47:50.768665
8fc4a5fc-e32f-4119-a8ec-216f9de161a2,com.whatsapp,Bilal Haider,5,üëçüëçüëçüëçüëç,2026-01-28T10:21:21,0,,,,2026-01-29T15:47:50.768666
2e2efa58-fec9-4c95-86b5-e7c2c62f7b34,com.whatsapp,Chima Okpara,5,perfect,2026-01-28T10:21:04,0,2.25.28.79,,,2026-01-29T15:47:50.768666
2161fab4-e5e1-47e1-8036-b9e80ebd3eb3,com.whatsapp,Narayan Yadav Yadav,1,back to my wathapp,2026-01-28T10:21:04,0,2.26.2.72,,,2026-01-29T15:47:50.768667
b34681ad-4e8e-4871-8e99-f56373309454,com.whatsapp,Islamic Official,5,Beautiful üòç‚ù§Ô∏èüòç‚ù§Ô∏è,2026-01-28T10:19:48,0,,,,2026-01-29T15:47:50.768668
bc5715ea-1dc6-40d0-a316-fd8c569b3e86,com.whatsapp,Sanjay Parsad,5,best app,2026-01-28T10:19:38,0,2.25.37.76,,,2026-01-29T15:47:50.768669
3fb72f0f-f0a4-4951-8d1b-89238efb92b8,com.whatsapp,Reveta Mahfood,5,OK,2026-01-28T10:16:57,0,2.26.2.72,,,2026-01-29T15:47:50.768670
8108d672-51fa-46c8-a4a4-2a018b9f5158,com.whatsapp,Ashika Shinde,3,"good app but every time whatsapp band hota hai.pehele aise nahi hota tha,ab daily whatsapp band hota hai isaliye bahut problem aati hai whatsapp chalane mein.",2026-01-28T10:16:09,0,2.26.2.72,,,2026-01-29T15:47:50.768671
339bde9d-694e-4f54-b279-03b86159a00d,com.whatsapp,Alfred Appiah Kubi,5,easy to communicate üëå,2026-01-28T10:15:51,0,2.26.2.72,,,2026-01-29T15:47:50.768672
19dea5dc-1a2d-40cb-9986-8867c0e45ec7,com.whatsapp,Hemalatha Goudu,3,it should be accessible for screen readers also,2026-01-28T10:14:44,0,,,,2026-01-29T15:47:50.768673
21d9f86c-6ee2-4218-abc9-49dc7de1d2dc,com.whatsapp,Random Nabi,1,"quiten la funci√≥n de deslizar para llamar, o pongan alguna forma de desactivarla, no es amistosa con la tercera edad y mi abuela llama cada que entra a los chats",2026-01-28T10:13:59,0,,,,2026-01-29T15:47:50.768674
8a32546c-457f-4bbe-bacd-acd3a27b242d,com.whatsapp,AMARESA GANDHI V,3,Needed WhatsApp Video calling only for google TV / Streamer.,2026-01-28T10:13:24,1,2.26.2.72,,,2026-01-29T15:47:50.768678
ee8bed6f-4c63-46e1-921f-f385cdb76094,com.whatsapp,Santhoshgowda Santhosh,2,whatsapp not opening,2026-01-28T10:11:56,0,2.26.2.72,,,2026-01-29T15:47:50.768679
e2df0cde-4028-4623-b837-cbb8e96623b8,com.whatsapp,Manojkumar your's,1,"After the update, even when I turn off Media Visibility, downloaded images are still appearing in my gallery. How is this possible?",2026-01-28T10:11:48,0,2.26.2.72,,,2026-01-29T15:47:50.768680
480cb9df-2ad6-4729-ab05-d642eaa9a6e9,com.whatsapp,Muktasim zon shahidan,5,Excellent and easy to use,2026-01-28T10:10:56,0,2.25.37.76,,,2026-01-29T15:47:50.768681
f7385136-c529-49ba-9831-5df6af2662b3,com.whatsapp,Shaik Moulali,1,not working,2026-01-28T10:09:39,0,2.25.21.82,,,2026-01-29T15:47:50.768682
3af384e3-d93f-4799-9f3d-d5b5e6176641,com.whatsapp,Torgbor Laryea,5,for texting and sending pictures,2026-01-28T10:09:16,0,2.25.18.80,,,2026-01-29T15:47:50.768683
2c8690a0-2bc2-40d9-83ae-575c78c011dc,com.whatsapp,Ahulll -01,5,good üòä,2026-01-28T10:08:59,0,2.25.37.76,,,2026-01-29T15:47:50.768684
